FIPS,State,County,Unreliable,Deaths,Years of Potential Life Lost Rate,95% CI - Low,95% CI - High,National Z-Score,YPLL Rate (Hispanic (all races)),YPLL Rate (Hispanic (all races)) 95% CI - Low,YPLL Rate (Hispanic (all races)) 95% CI - High,YPLL Rate (Hispanic (all races)) Unreliable,YPLL Rate (Non-Hispanic AIAN),YPLL Rate (Non-Hispanic AIAN) 95% CI - Low,YPLL Rate (Non-Hispanic AIAN) 95% CI - High,YPLL Rate (Non-Hispanic AIAN) Unreliable,YPLL Rate (Non-Hispanic Asian),YPLL Rate (Non-Hispanic Asian) 95% CI - Low,YPLL Rate (Non-Hispanic Asian) 95% CI - High,YPLL Rate (Non-Hispanic Asian) Unreliable,YPLL Rate (Non-Hispanic Black),YPLL Rate (Non-Hispanic Black) 95% CI - Low,YPLL Rate (Non-Hispanic Black) 95% CI - High,YPLL Rate (Non-Hispanic Black) Unreliable,YPLL Rate (Non-Hispanic Native Hawaiian and Other Pacific Islander),YPLL Rate (Non-Hispanic Native Hawaiian and Other Pacific Islander) 95% CI - Low,YPLL Rate (Non-Hispanic Native Hawaiian and Other Pacific Islander) 95% CI - High,YPLL Rate (Non-Hispanic Native Hawaiian and Other Pacific Islander) Unreliable,YPLL Rate (Non-Hispanic 2+ races),YPLL Rate (Non-Hispanic 2+ races) 95% CI - Low,YPLL Rate (Non-Hispanic 2+ races) 95% CI - High,YPLL Rate (Non-Hispanic 2+ races) Unreliable,YPLL Rate (Non-Hispanic White),YPLL Rate (Non-Hispanic White) 95% CI - Low,YPLL Rate (Non-Hispanic White) 95% CI - High,YPLL Rate (Non-Hispanic White) Unreliable,Average Number of Physically Unhealthy Days,95% CI - Low,95% CI - High,National Z-Score,Unreliable,% Low Birth Weight,95% CI - Low,95% CI - High,National Z-Score,% LBW (Hispanic (all races)),% LBW (Hispanic (all races)) 95% CI - Low,% LBW (Hispanic (all races)) 95% CI - High,% LBW (Non-Hispanic AIAN),% LBW (Non-Hispanic AIAN) 95% CI - Low,% LBW (Non-Hispanic AIAN) 95% CI - High,% LBW (Non-Hispanic Asian),% LBW (Non-Hispanic Asian) 95% CI - Low,% LBW (Non-Hispanic Asian) 95% CI - High,% LBW (Non-Hispanic Black),% LBW (Non-Hispanic Black) 95% CI - Low,% LBW (Non-Hispanic Black) 95% CI - High,% LBW (Non-Hispanic Native Hawaiian and Other Pacific Islander),% LBW (Non-Hispanic Native Hawaiian and Other Pacific Islander) 95% CI - Low,% LBW (Non-Hispanic Native Hawaiian and Other Pacific Islander) 95% CI - High,% LBW (Non-Hispanic 2+ races),% LBW (Non-Hispanic 2+ races) 95% CI - Low,% LBW (Non-Hispanic 2+ races) 95% CI - High,% LBW (Non-Hispanic White),% LBW (Non-Hispanic White) 95% CI - Low,% LBW (Non-Hispanic White) 95% CI - High,Average Number of Mentally Unhealthy Days,95% CI - Low,95% CI - High,National Z-Score,% Fair or Poor Health,95% CI - Low,95% CI - High,National Z-Score,% Vaccinated,National Z-Score,% Vaccinated (AIAN),% Vaccinated (Asian),% Vaccinated (Black),% Vaccinated (Hispanic),% Vaccinated (White),% With Access to Exercise Opportunities,National Z-Score,Food Environment Index,National Z-Score,# Primary Care Physicians,Primary Care Physicians Rate,Primary Care Physicians Ratio,National Z-Score,# Mental Health Providers,Mental Health Provider Rate,Mental Health Provider Ratio,National Z-Score,# Dentists,Dentist Rate,Dentist Ratio,National Z-Score,Preventable Hospitalization Rate,National Z-Score,Preventable Hosp. Rate (AIAN),Preventable Hosp. Rate (Asian),Preventable Hosp. Rate (Black),Preventable Hosp. Rate (Hispanic),Preventable Hosp. Rate (White),% with Annual Mammogram,National Z-Score,% Screened (AIAN),% Screened (Asian),% Screened (Black),% Screened (Hispanic),% Screened (White),# Uninsured,% Uninsured,95% CI - Low,95% CI - High,National Z-Score,% Severe Housing Problems,95% CI - Low,95% CI - High,Severe Housing Cost Burden,Severe Housing Cost Burden 95% CI - Low,Severe Housing Cost Burden 95% CI - High,Overcrowding,Overcrowding 95% CI - Low,Overcrowding 95% CI - High,Inadequate Facilities,Inadequate Facilities 95% CI - Low,Inadequate Facilities 95% CI - High,National Z-Score,% Drive Alone to Work,95% CI - Low,95% CI - High,National Z-Score,% Drive Alone (AIAN),% Drive Alone (AIAN) 95% CI - Low,% Drive Alone (AIAN) 95% CI - High,% Drive Alone (Asian),% Drive Alone (Asian) 95% CI - Low,% Drive Alone (Asian) 95% CI - High,% Drive Alone (Black),% Drive Alone (Black) 95% CI - Low,% Drive Alone (Black) 95% CI - High,% Drive Alone (Hispanic),% Drive Alone (Hispanic) 95% CI - Low,% Drive Alone (Hispanic) 95% CI - High,% Drive Alone (White),% Drive Alone (White) 95% CI - Low,% Drive Alone (White) 95% CI - High,# Workers who Drive Alone,% Long Commute - Drives Alone,95% CI - Low,95% CI - High,National Z-Score,Average Daily PM2.5,National Z-Score,Presence of Water Violation,National Z-Score,% Households with Broadband Access,# Households with Broadband Access,95% CI - Low,95% CI - High,National Z-Score,Visits per service area population,National Z-Score,# Some College,Population,% Some College,95% CI - Low,95% CI - High,National Z-Score,# Completed High School,Population,% Completed High School,95% CI - Low,95% CI - High,National Z-Score,# Unemployed,Labor Force,% Unemployed,National Z-Score,80th Percentile Income,20th Percentile Income,Income Ratio,National Z-Score,% Children in Poverty,95% CI - Low,95% CI - High,National Z-Score,% Children in Poverty (AIAN),% Children in Poverty (Asian),% Children in Poverty (Black),% Children in Poverty (Hispanic),% Children in Poverty (White),# Injury Deaths,Injury Death Rate,95% CI - Low,95% CI - High,National Z-Score,Injury Death Rate (Hispanic (all races)),Injury Death Rate (Hispanic (all races)) 95% CI - Low,Injury Death Rate (Hispanic (all races)) 95% CI - High,Injury Death Rate (Non-Hispanic AIAN),Injury Death Rate (Non-Hispanic AIAN) 95% CI - Low,Injury Death Rate (Non-Hispanic AIAN) 95% CI - High,Injury Death Rate (Non-Hispanic Asian),Injury Death Rate (Non-Hispanic Asian) 95% CI - Low,Injury Death Rate (Non-Hispanic Asian) 95% CI - High,Injury Death Rate (Non-Hispanic Black),Injury Death Rate (Non-Hispanic Black) 95% CI - Low,Injury Death Rate (Non-Hispanic Black) 95% CI - High,Injury Death Rate (Non-Hispanic Native Hawaiian and Other Pacific Islander),Injury Death Rate (Non-Hispanic Native Hawaiian and Other Pacific Islander) 95% CI - Low,Injury Death Rate (Non-Hispanic Native Hawaiian and Other Pacific Islander) 95% CI - High,Injury Death Rate (Non-Hispanic 2+ races),Injury Death Rate (Non-Hispanic 2+ races) 95% CI - Low,Injury Death Rate (Non-Hispanic 2+ races) 95% CI - High,Injury Death Rate (Non-Hispanic White),Injury Death Rate (Non-Hispanic White) 95% CI - Low,Injury Death Rate (Non-Hispanic White) 95% CI - High,# Associations,Social Association Rate,National Z-Score,% Household Income Required for Child Care Expenses,National Z-Score
51000,Virginia,,,116521,7739,7671,7806,,,,,,,,,,,,,,,,,,,,,,,,,,,,,,3.8,3.6,4,,,8,8,8,,,,,,,,,,,,,,,,,,,,,,,5.3,5.1,5.6,,16,15,17,,50,,,,,,,84,,8.8,,6443,75,1341:01:00,,23001,264,379:01:00,,6535,75,1329:01:00,,2505,,,,,,,46,,,,,,,526893,8,7,8,,14,14,14,12,12,12,2,2,2,1,1,1,,69,69,69,,,,,,,,,,,,,,,,,4308387,40,39,40,,6.7,,,,90,2991860,90,90,,2,,1683548,2336852,72,72,73,,5442729,5958915,91,91,91,,131050,4555208,2.9,,182549,37617,4.9,,13,12,13,,,,,,,32307,75,74,76,,,,,,,,,,,,,,,,,,,,,,,9544,11,,24,
51001,Virginia,Accomack,,761,12239,10741,13736,0.46,,,,,,,,,,,,,17802,14558,21047,,,,,,,,,,10726,8758,12693,,4.6,3.7,5.5,0.16,,11,9,12,1.07,6,4,8,,,,,,,14,12,17,,,,,,,10,8,11,6,5,7.1,0.61,23,21,26,0.75,45,-0.35,,50,38,41,46,42,0.92,8.6,-0.96,12,36,2771:01:00,0.5,45,135,739:01:00,0.33,18,54,1844:01:00,-0.16,2227,-0.56,,,2969,,2153,46,-0.38,,,51,,45,2618,11,9,13,0.11,13,10,16,10,8,13,2,1,3,2,0,3,-0.01,72,68,76,-0.7,,,,,,,66,57,76,71,54,87,80,76,84,14255,25,21,29,-0.65,6.4,-0.64,Yes,1.29,83,11825,79,86,0.26,2,0.3,3076,6935,44,38,51,1.26,20181,24382,83,80,85,1.1,571,16202,3.5,-0.06,109920,26074,4.2,-0.44,24,15,33,0.63,,,25,35,13,162,99,84,114,-0.02,79,41,137,,,,,,,109,81,144,,,,,,,100,81,122,35,10.5,0.16,26,-0.41
51003,Virginia,Albemarle,,1016,5378,4835,5920,-1.33,,,,,,,,,,,,,10650,8085,13216,,,,,,,,,,4962,4378,5546,,3.5,2.8,4.3,-1.45,,6,6,7,-0.96,7,5,9,,,,6,3,8,13,11,16,,,,,,,5,5,6,5.3,4.5,6.3,-0.53,13,11,14,-1.47,62,-2,,62,49,44,63,79,-0.76,9,-1.3,158,139,719:01:00,-2.35,269,233,430:01:00,-0.09,119,104,962:01:00,-1.61,1873,-0.89,,,3977,,1719,57,-1.71,,50,50,,57,5551,7,6,7,-0.84,13,11,14,12,10,13,1,1,1,0,0,1,-0.05,66,64,68,-1.45,,,,41,30,51,65,58,72,54,45,64,69,67,71,55380,27,24,29,-0.51,6.9,-0.39,No,-0.77,91,41128,90,93,-1.06,3,-0.16,22886,28159,81,77,86,-1.92,73623,77950,94,94,95,-1.06,1580,59824,2.6,-0.79,192135,44272,4.3,-0.28,9,6,12,-1.27,,1,16,13,6,374,67,60,74,-1.09,49,28,79,,,,,,,59,40,84,,,,,,,74,66,83,119,10.4,0.19,25,-0.5
51005,Virginia,Alleghany,,362,12095,9748,14441,0.42,,,,,,,,,,,,,,,,,,,,,,,,,,,,,4.6,3.7,5.6,0.25,,8,6,10,-0.03,,,,,,,,,,,,,,,,,,,,,,6.2,5,7.5,0.9,19,16,21,-0.21,50,-0.84,,,,,,100,-1.67,7.7,-0.19,6,40,2498:01:00,0.39,5,34,2919:01:00,0.76,4,27,3709:01:00,0.64,2971,0.13,,,,,,42,0.11,,,,,,702,6,5,8,-0.86,9,6,11,8,5,11,0,0,1,1,0,1,-0.97,87,83,91,1.32,,,,,,,,,,,,,,,,6031,27,21,32,-0.53,6.5,-0.59,Yes,1.29,83,5197,79,86,0.27,6,-1.37,1477,3066,48,39,57,0.93,10031,11137,90,88,92,-0.25,227,6491,3.5,-0.09,104975,20920,5,0.56,19,12,27,0.05,,,9,,12,83,112,89,138,0.4,,,,,,,,,,,,,,,,,,,,,,25,16.9,-0.95,24,-0.6
51007,Virginia,Amelia,,287,11735,9441,14030,0.32,,,,,,,,,,,,,,,,,,,,,,,,,,,,,4.6,3.7,5.6,0.24,,8,6,9,-0.32,,,,,,,,,,13,7,18,,,,,,,7,5,9,5.9,4.8,7.1,0.49,20,18,23,0.12,45,-0.35,,,44,,46,31,1.37,8.5,-0.87,1,8,13268:1,1.29,9,67,1498:01:00,0.62,5,37,2691:01:00,0.34,2535,-0.27,,,2318,,2449,37,0.71,,,40,,36,1105,10,9,12,0.01,15,9,20,11,6,16,6,2,10,0,0,1,0.39,81,76,87,0.59,,,,,,,,,,,,,,,,5770,71,57,85,3,6.7,-0.49,No,-0.77,79,4173,73,85,0.83,1,0.7,1344,3088,44,33,54,1.33,8320,9724,86,82,89,0.58,196,6468,3,-0.47,113205,34080,3.3,-1.56,14,9,20,-0.61,,,,,,83,126,100,156,0.87,,,,,,,,,,107,58,179,,,,,,,141,110,179,13,9.7,0.32,19,-1.38
51009,Virginia,Amherst,,591,10404,9060,11749,-0.02,,,,,,,,,,,,,10987,8046,13928,,,,,,,,,,10079,8538,11620,,4.4,3.6,5.3,-0.05,,8,7,9,-0.25,,,,,,,,,,13,9,16,,,,,,,7,6,9,5.8,4.7,6.9,0.22,18,16,20,-0.29,54,-1.22,,,53,,55,83,-0.93,8.5,-0.87,7,22,4468:01:00,0.88,20,64,1570:01:00,0.64,7,22,4513:01:00,0.78,2471,-0.33,,,3202,,2391,36,0.84,,,43,,35,1864,8,7,9,-0.58,10,7,12,7,5,9,2,1,3,1,0,1,-0.72,79,76,82,0.27,,,,,,,70,57,83,,,,72,68,76,14620,32,28,36,-0.08,7,-0.34,No,-0.77,81,10334,78,84,0.46,2,0.38,4406,7197,61,55,68,-0.19,19792,22345,89,87,90,0.03,478,15004,3.2,-0.34,129101,26001,5,0.5,16,10,22,-0.35,,,13,55,9,176,112,95,128,0.39,,,,,,,,,,85,55,125,,,,,,,124,104,144,39,12.3,-0.16,18,-1.46
51011,Virginia,Appomattox,,256,7982,6348,9616,-0.65,,,,,,,,,,,,,,,,,,,,,,,,,,,,,4.6,3.7,5.5,0.13,,9,7,10,0.15,,,,,,,,,,16,11,21,,,,,,,7,6,9,5.9,4.9,7.1,0.47,21,19,23,0.23,53,-1.13,,,34,,54,56,0.28,8.6,-0.96,2,12,8177:01:00,1.16,10,59,1686:01:00,0.65,1,6,16748:1,1.25,2890,0.06,,,3256,,2695,36,0.84,,,39,,36,1157,9,7,10,-0.36,9,6,12,7,4,10,1,0,2,0,0,1,-0.92,85,81,89,1.07,,,,,,,,,,,,,,,,7440,45,39,52,0.94,6.9,-0.39,No,-0.77,80,5254,75,85,0.66,1,0.71,2228,3815,58,49,68,0.05,10706,11631,92,90,94,-0.62,264,7246,3.6,0.03,112131,25771,4.4,-0.27,16,10,22,-0.4,,,45,52,5,78,96,76,120,-0.11,,,,,,,,,,89,47,152,,,,,,,100,76,128,30,17.9,-1.13,19,-1.3
51013,Virginia,Arlington,,1371,3513,3242,3784,-1.82,4415,3614,5216,,,,,,2687,2005,3368,,7586,6417,8754,,,,,,,,,,2668,2368,2968,,3,2.4,3.7,-2.16,,7,6,7,-0.78,7,6,8,,,,8,7,9,9,8,10,,,,4,2,7,6,6,6,4.5,3.8,5.3,-1.86,13,11,14,-1.47,53,-1.13,,51,37,41,56,100,-1.67,9.3,-1.55,180,77,1294:01:00,-0.64,674,288,347:01:00,-0.33,169,72,1385:01:00,-0.68,1512,-1.22,,842,3271,1464,1284,43,-0.01,,35,32,37,46,9897,5,4,6,-1.22,16,15,17,13,12,14,3,3,4,1,0,1,0.71,40,38,41,-4.96,52,37,66,46,42,49,63,60,66,51,47,55,43,42,45,146947,40,37,42,0.49,6.7,-0.49,No,-0.77,94,105386,94,95,-1.55,1,0.77,84375,91975,92,89,94,-2.82,165302,173227,95,95,96,-1.24,3453,161376,2.1,-1.2,,,,-0.03,8,5,11,-1.36,11,14,22,12,3,344,29,26,32,-2.35,27,20,35,,,,16,9,24,49,36,63,,,,,,,29,25,33,348,14.9,-0.6,41,1.76
51015,Virginia,Augusta,,1199,8022,7165,8879,-0.64,,,,,,,,,,,,,,,,,,,,,,,,,,,,,4.3,3.6,5.2,-0.18,,7,6,8,-0.52,10,5,14,,,,,,,15,8,22,,,,,,,7,6,8,5.4,4.5,6.4,-0.39,16,15,18,-0.67,55,-1.32,,,50,46,55,54,0.35,8.4,-0.79,41,53,1892:01:00,0.04,66,84,1186:01:00,0.55,28,36,2788:01:00,0.38,2206,-0.58,,,,,,51,-0.98,,,52,,51,4250,7,6,8,-0.67,9,7,11,8,6,9,1,0,2,1,1,2,-0.85,84,82,86,0.95,,,,,,,81,72,89,62,51,72,84,83,85,37323,32,29,35,-0.12,6.8,-0.44,No,-0.77,86,26400,84,88,-0.27,1,0.65,10106,18773,54,49,59,0.45,52244,57537,91,90,92,-0.39,986,39486,2.5,-0.91,131863,35060,3.8,-1.01,10,7,14,-1.08,,,43,34,9,326,85,76,94,-0.49,,,,,,,,,,,,,,,,,,,,,,105,13.5,-0.35,23,-0.87
51017,Virginia,Bath,,95,10897,7119,15967,0.11,,,,,,,,,,,,,,,,,,,,,,,,,,,,,5.2,4.2,6.4,1.13,x,6,3,8,-1.36,,,,,,,,,,,,,,,,,,,,,,6.6,5.3,8,1.61,22,19,24,0.46,41,0.04,,,43,,41,100,-1.67,6.6,0.75,,,,-0.12,1,25,4051:01:00,0.8,2,49,2025:01:00,-0.02,3055,0.21,,,,,,44,-0.13,,,,,,194,7,6,8,-0.78,10,3,18,9,2,17,0,0,2,1,0,3,-0.56,90,84,97,1.77,,,,,,,,,,,,,,,,1669,31,18,44,-0.18,,-0.5,No,-0.77,80,1416,73,86,0.74,2,0.03,463,737,63,39,87,-0.33,2688,3189,84,76,93,0.82,68,2417,2.8,-0.65,121891,23442,5.2,0.79,15,9,21,-0.48,,,,,,23,111,70,167,0.37,,,,,,,,,,,,,,,,,,,,,,5,12.3,-0.16,30,0.24
51019,Virginia,Bedford,,1327,8449,7643,9255,-0.53,,,,,,,,,,,,,8840,6096,11584,,,,,,,,,,8787,7889,9684,,4.2,3.4,5.1,-0.43,,7,7,8,-0.49,,,,,,,,,,11,8,14,,,,,,,7,7,8,5.6,4.7,6.7,-0.04,16,14,17,-0.86,,-0.65,,,,,,56,0.29,9,-1.3,60,75,1336:01:00,-0.57,102,125,799:01:00,0.37,27,33,2994:01:00,0.45,,-0.08,,,,,,,-0.43,,,,,,4706,8,7,9,-0.62,8,7,10,7,6,8,2,1,2,1,0,1,-1.02,80,78,82,0.4,,,,,,,71,60,81,,,,72,67,77,36617,39,36,42,0.45,7.4,-0.14,No,-0.77,86,28243,85,88,-0.31,2,0.24,11260,16743,67,62,72,-0.71,54100,58627,92,91,93,-0.66,1130,38930,2.9,-0.58,145853,36384,4,-0.7,12,8,16,-0.85,,23,23,2,9,387,97,87,107,-0.09,,,,,,,,,,61,36,98,,,,,,,104,94,115,101,12.5,-0.18,18,-1.51
51021,Virginia,Bland,,137,9532,7028,12036,-0.25,,,,,,,,,,,,,,,,,,,,,,,,,,,,,4.2,3.4,5.1,-0.37,,11,8,15,1.33,,,,,,,,,,,,,,,,,,,,,,5.9,4.8,7.1,0.44,16,14,18,-0.71,37,0.42,,,,,,90,-1.23,8.2,-0.61,,,,-0.12,5,81,1236:01:00,0.56,3,49,2049:01:00,0,2515,-0.29,,,,,,44,-0.13,,,,,,265,7,6,8,-0.81,10,6,14,7,3,12,3,0,6,0,0,1,-0.71,82,75,90,0.69,,,,,,,,,,,,,,,,2324,41,30,52,0.6,6.3,-0.69,No,-0.77,69,1619,63,76,2.34,3,-0.17,692,1794,39,26,51,1.76,4574,5018,91,87,95,-0.45,85,2851,3,-0.51,108846,30086,3.6,-1.19,16,9,22,-0.43,,,,,,29,93,62,134,-0.22,,,,,,,,,,,,,,,,,,,,,,6,9.8,0.3,23,-0.76
51023,Virginia,Botetourt,,538,7861,6678,9043,-0.69,,,,,,,,,,,,,,,,,,,,,,,,,,,,,4,3.1,4.8,-0.76,,7,5,8,-0.86,,,,,,,,,,,,,,,,,,,,,,5.5,4.5,6.6,-0.2,15,14,17,-0.9,51,-0.93,,,42,,51,70,-0.33,8.2,-0.61,19,56,1782:01:00,-0.05,20,59,1706:01:00,0.66,10,29,3414:01:00,0.57,1686,-1.06,,,3759,,1608,47,-0.5,,,57,,47,1358,5,4,6,-1.12,8,6,11,7,5,10,1,0,1,1,0,1,-1.04,80,76,84,0.38,,,,,,,,,,,,,,,,15729,34,29,38,0.02,7,-0.34,No,-0.77,87,11466,84,91,-0.48,2,0.04,4281,6950,62,54,70,-0.22,23739,25149,94,93,96,-1.05,461,18119,2.5,-0.87,137792,39203,3.5,-1.32,8,5,11,-1.41,,,,,,157,93,79,108,-0.22,,,,,,,,,,,,,,,,,,,,,,62,18.2,-1.18,20,-1.24
51025,Virginia,Brunswick,,403,12611,10442,14781,0.55,,,,,,,,,,,,,14391,11306,17477,,,,,,,,,,10602,7350,13854,,4.9,4.1,5.9,0.72,,14,12,17,2.73,,,,,,,,,,19,16,22,,,,,,,7,4,10,5.9,4.8,7,0.39,24,22,26,0.88,50,-0.84,,,43,,53,48,0.62,7.9,-0.36,4,25,3985:01:00,0.8,14,89,1125:01:00,0.53,3,19,5307:01:00,0.88,3420,0.55,,54545,4391,,2183,46,-0.38,,,50,,45,960,9,8,11,-0.22,9,6,13,8,5,11,1,0,2,1,0,1,-0.77,81,77,85,0.52,,,,,,,82,70,95,,,,71,65,78,6300,47,38,57,1.09,6.6,-0.54,No,-0.77,77,4952,74,81,1.05,2,0.35,1663,4237,39,32,46,1.7,9550,12026,79,77,82,1.72,277,6023,4.6,0.82,108952,22785,4.8,0.27,27,17,37,0.95,,,37,,6,103,128,103,153,0.94,,,,,,,,,,134,101,173,,,,,,,122,87,166,14,8.8,0.47,24,-0.65
51027,Virginia,Buchanan,,689,16804,14599,19009,1.65,,,,,,,,,,,,,,,,,,,,,,,,,,,,,5.7,4.7,6.9,1.88,,9,7,11,0.3,,,,,,,,,,,,,,,,,,,,,,6.8,5.7,8.1,1.91,27,24,29,1.44,36,0.52,,,,,,27,1.54,6.6,0.75,5,25,3963:01:00,0.8,10,52,1909:01:00,0.68,4,21,4838:01:00,0.82,3515,0.63,,,,,,36,0.84,,,,,,1325,10,8,11,-0.12,11,7,14,9,6,13,1,0,2,1,0,2,-0.51,83,78,88,0.81,,,,,,,,,,,,,,,,5625,45,37,54,0.93,6.7,-0.49,Yes,1.29,74,5405,69,78,1.66,1,0.74,2192,4650,47,37,57,1.02,11757,15167,78,74,81,2.07,284,6424,4.4,0.68,86610,18042,4.8,0.29,26,16,37,0.91,,,,,,138,135,113,158,1.18,,,,,,,,,,,,,,,,,,,,,,16,8.3,0.56,26,-0.33
51029,Virginia,Buckingham,,336,11285,9205,13364,0.21,,,,,,,,,,,,,12376,8340,16412,,,,,,,,,,11090,8505,13675,,4.8,3.9,5.8,0.47,,7,5,8,-0.8,,,,,,,,,,11,7,15,,,,,,,5,3,7,6.1,5,7.2,0.67,22,20,25,0.59,37,0.42,,,36,,37,33,1.31,8.3,-0.7,2,12,8474:01:00,1.17,11,65,1543:01:00,0.63,10,59,1698:01:00,-0.29,2927,0.09,,,4408,,2289,45,-0.26,,,60,,40,1173,10,9,12,-0.03,16,12,20,14,10,18,2,1,3,1,0,1,0.66,79,75,84,0.32,,,,,,,,,,,,,,,,6354,64,55,73,2.43,6.9,-0.39,Yes,1.29,73,4413,69,77,1.77,2,0.37,2086,4593,45,38,53,1.17,10771,12712,85,83,87,0.74,260,6627,3.9,0.27,112828,26280,4.3,-0.34,23,14,31,0.44,,,39,,8,90,106,85,130,0.19,,,,,,,,,,128,89,177,,,,,,,101,76,132,20,11.8,-0.06,20,-1.26
51031,Virginia,Campbell,,958,8566,7591,9542,-0.5,,,,,,,,,,,,,11595,8524,14666,,,,,,,,,,8283,7210,9355,,4.4,3.6,5.2,-0.14,,8,7,9,-0.09,,,,,,,,,,16,13,20,,,,,,,7,6,8,5.7,4.7,6.7,0.09,19,17,21,-0.21,54,-1.22,,72,50,,54,49,0.59,8.8,-1.13,8,14,6937:01:00,1.1,17,31,3251:01:00,0.78,9,16,6127:01:00,0.95,2897,0.06,,,2447,,2956,40,0.35,,29,43,,39,3158,7,6,9,-0.66,9,7,10,7,6,9,1,1,2,0,0,1,-0.98,81,79,84,0.57,,,,,,,85,81,90,,,,77,73,82,26180,31,27,35,-0.18,7.3,-0.19,No,-0.77,83,18415,81,86,0.15,3,0.01,8225,13668,60,55,66,-0.1,36288,40080,91,89,92,-0.34,859,26152,3.3,-0.26,121941,30051,4.1,-0.64,18,13,23,-0.15,,,16,11,12,255,92,81,104,-0.24,,,,,,,,,,93,66,128,,,,,,,97,84,110,70,12.7,-0.22,18,-1.5
51033,Virginia,Caroline,,568,10347,9069,11624,-0.04,,,,,,,,,,,,,10696,7849,13543,,,,,,,,,,10984,9376,12592,,4.4,3.6,5.3,-0.06,,9,8,10,0.16,8,4,12,,,,,,,12,9,15,,,,,,,8,6,9,5.7,4.7,6.9,0.12,19,17,21,-0.21,45,-0.35,,25,39,40,46,47,0.69,9.2,-1.47,3,10,10444:1,1.23,15,46,2176:01:00,0.71,8,25,3995:01:00,0.7,4156,1.23,,,4650,,4038,42,0.11,,,46,,41,2073,8,7,9,-0.53,10,7,13,7,5,10,2,1,3,1,0,1,-0.65,74,70,78,-0.39,,,,,,,68,57,79,,,,65,56,73,15876,62,55,69,2.23,6.9,-0.39,No,-0.77,85,9894,82,88,-0.05,1,0.89,4364,8141,54,46,61,0.46,19500,21829,89,88,91,-0.11,491,15825,3.1,-0.41,155367,39373,3.9,-0.78,12,7,17,-0.87,,,19,33,12,167,107,91,124,0.25,,,,,,,,,,90,64,125,,,,,,,129,107,152,33,10.3,0.2,22,-0.87
51035,Virginia,Carroll,,680,10358,8920,11795,-0.03,,,,,,,,,,,,,,,,,,,,,,,,,,,,,4.9,4.1,6,0.73,,7,6,8,-0.61,,,,,,,,,,,,,,,,,,,,,,6.1,5,7.3,0.68,21,19,23,0.27,38,0.33,,,,,,59,0.13,8.1,-0.53,27,93,1076:01:00,-1.07,17,58,1720:01:00,0.66,8,27,3643:01:00,0.63,2595,-0.22,,,,,,40,0.35,,,,,,2120,10,8,12,-0.12,9,7,11,8,5,10,1,0,3,0,0,1,-0.86,84,79,88,0.89,,,,,,,,,,,,,,,,12181,38,32,44,0.39,6.6,-0.54,No,-0.77,82,10203,79,84,0.41,2,0.41,3345,6024,56,46,65,0.3,18774,22020,85,83,88,0.64,486,12965,3.7,0.12,101659,22868,4.4,-0.15,22,15,29,0.39,,,,34,23,140,95,79,110,-0.17,,,,,,,,,,,,,,,,,,,,,,38,13,-0.28,21,-1.05
51036,Virginia,Charles City,,133,9317,6080,12555,-0.31,,,,,,,,,,,,,,,,,,,,,,,,,,,,,4.6,3.7,5.5,0.14,,9,6,13,0.41,,,,,,,,,,15,8,22,,,,,,,6,2,9,6.1,5,7.3,0.78,21,19,23,0.31,47,-0.55,36,,43,,48,19,1.92,9.2,-1.47,1,15,6594:01:00,1.08,3,45,2203:01:00,0.71,1,15,6605:01:00,0.99,2566,-0.24,,,3856,,1724,48,-0.62,,,58,,44,539,11,10,13,0.21,13,10,16,12,9,16,1,0,2,1,0,2,0.03,84,81,87,0.89,,,,,,,62,42,81,,,,84,69,99,3229,64,57,71,2.44,5.6,-1.04,No,-0.77,71,2098,68,75,2.01,1,0.86,755,1308,58,50,66,0.11,4637,5259,88,86,90,0.1,118,3710,3.2,-0.35,126177,26598,4.7,0.22,18,10,25,-0.19,,,16,19,15,33,97,67,137,-0.08,,,,,,,,,,87,46,149,,,,,,,115,67,184,11,16.7,-0.91,22,-0.94
51037,Virginia,Charlotte,,268,13862,11174,16551,0.88,,,,,,,,,,,,,21351,14714,27987,,,,,,,,,,11653,8651,14655,,4.9,4,5.9,0.7,,10,8,12,0.91,,,,,,,,,,17,13,22,,,,,,,8,6,10,6.3,5.2,7.5,1.14,23,21,26,0.77,42,-0.06,,,38,,43,16,2.03,6.5,0.83,6,52,1908:01:00,0.05,9,79,1260:01:00,0.57,4,35,2869:01:00,0.41,3093,0.24,,,2541,,3334,39,0.47,,,48,,37,741,9,7,10,-0.41,14,10,18,11,7,15,2,0,3,2,1,3,0.32,83,80,87,0.84,,,,,,,75,56,93,,,,77,68,85,4572,53,43,62,1.51,6.9,-0.39,No,-0.77,73,3358,67,78,1.79,1,0.8,1388,2313,60,49,71,-0.09,6575,8075,81,77,86,1.35,186,5344,3.5,-0.1,106750,15352,7,2.99,32,23,41,1.63,,,36,88,29,90,154,124,189,1.79,,,,,,,,,,170,112,247,,,,,,,153,117,196,15,13.1,-0.28,25,-0.57
51041,Virginia,Chesterfield,,4464,7544,7211,7877,-0.77,6204,5321,7088,,,,,,3972,2797,5475,,9917,9139,10696,,,,,,,,,,6958,6538,7378,,3.7,3.2,4.4,-1.09,,8,8,8,-0.18,7,6,8,,,,11,9,13,13,12,14,,,,8,6,11,6,6,7,5.4,4.7,6.1,-0.45,14,13,16,-1.11,51,-0.93,,56,41,38,53,81,-0.82,8.8,-1.13,299,81,1240:01:00,-0.73,1026,267,374:01:00,-0.24,302,80,1253:01:00,-0.91,2322,-0.47,,1097,3434,540,2156,49,-0.74,,38,50,28,49,21750,7,6,8,-0.75,11,11,12,10,9,11,2,1,2,1,1,1,-0.31,73,72,74,-0.52,,,,64,63,64,69,66,72,64,60,69,70,68,71,187988,40,39,42,0.56,5.6,-1.04,No,-0.77,94,128641,93,95,-1.46,2,0.33,70796,96861,73,70,76,-1.22,233662,251552,93,92,94,-0.77,5744,200078,2.9,-0.6,179921,47826,3.8,-1.01,9,6,11,-1.3,18,10,12,18,4,1405,78,74,82,-0.74,48,38,59,,,,38,24,55,80,71,88,,,,,,,86,80,92,309,8.2,0.58,25,-0.58
51043,Virginia,Clarke,,216,7634,5885,9383,-0.75,,,,,,,,,,,,,,,,,,,,,,,,,,,,,3.7,2.9,4.5,-1.19,,5,3,6,-1.71,,,,,,,,,,,,,,,,,,,,,,5.5,4.4,6.6,-0.22,14,13,16,-1.13,51,-0.93,,,56,21,51,72,-0.43,9.4,-1.64,5,34,2976:01:00,0.57,14,91,1105:01:00,0.52,5,33,3053:01:00,0.47,2954,0.12,,,5910,,2551,41,0.23,,,44,,42,919,8,7,9,-0.57,14,10,19,13,9,17,0,0,1,1,0,3,0.36,71,66,76,-0.78,,,,,,,,,,,,,,,,7408,54,46,62,1.6,6.8,-0.44,Yes,1.29,90,5066,87,92,-0.81,2,0.2,2097,2994,70,60,80,-0.95,10304,11105,93,91,95,-0.75,197,7858,2.5,-0.9,187786,50698,3.7,-1.08,8,5,11,-1.37,,,36,33,5,72,97,76,123,-0.08,,,,,,,,,,,,,,,,,,,,,,22,14.4,-0.52,20,-1.27
51045,Virginia,Craig,,108,12978,8775,17182,0.65,,,,,,,,,,,,,,,,,,,,,,,,,,,,,4.3,3.5,5.3,-0.19,x,7,4,10,-0.81,,,,,,,,,,,,,,,,,,,,,,6.1,4.9,7.3,0.77,19,17,21,-0.13,46,-0.45,,,,,,94,-1.41,8.5,-0.87,2,41,2433:01:00,0.36,,,,-0.1,3,62,1616:01:00,-0.38,3051,0.21,,,,,,42,0.11,,,,,,282,8,6,9,-0.59,10,3,18,7,1,14,3,0,6,1,0,2,-0.58,84,77,92,0.95,,,,,,,,,,,,,,,,1917,66,46,86,2.59,6.3,-0.69,No,-0.77,88,1539,70,100,-0.53,1,0.65,428,900,48,33,62,0.99,2973,3420,87,81,93,0.33,77,2374,3.2,-0.29,135927,26045,5.2,0.82,19,12,26,0,,,,,,28,112,74,162,0.41,,,,,,,,,,,,,,,,,,,,,,3,6.2,0.92,22,-0.89
51047,Virginia,Culpeper,,745,8349,7462,9236,-0.56,5898,3980,8420,,,,,,,,,,12108,9229,14987,,,,,,,,,,8388,7296,9481,,4,3.3,4.8,-0.67,,8,7,8,-0.41,6,5,7,,,,,,,13,10,16,,,,,,,7,6,8,5.9,4.9,6.9,0.33,18,16,20,-0.38,49,-0.74,,58,43,32,50,60,0.11,9.1,-1.38,18,34,2978:01:00,0.57,118,215,466:01:00,-0.01,20,37,2719:01:00,0.35,2681,-0.14,,,4903,,2436,46,-0.38,,45,50,41,45,3911,9,7,10,-0.34,14,11,17,11,9,14,2,1,3,1,0,1,0.26,74,71,78,-0.35,,,,,,,67,54,80,58,48,67,74,70,77,25557,51,47,56,1.41,6.9,-0.39,No,-0.77,91,16843,88,93,-0.96,2,0.33,7738,13326,58,53,63,0.08,31688,35970,88,86,90,0.11,720,26178,2.8,-0.7,167064,43034,3.9,-0.86,12,7,16,-0.88,,,,19,8,237,89,78,100,-0.36,52,30,83,,,,,,,94,65,131,,,,,,,98,84,112,47,8.6,0.49,20,-1.22
51049,Virginia,Cumberland,,187,9215,6945,11486,-0.33,,,,,,,,,,,,,,,,,,,,,,,,,,,,,4.3,3.5,5.2,-0.23,,9,7,12,0.48,,,,,,,,,,15,9,21,,,,,,,8,5,11,5.7,4.7,6.8,0.13,18,16,21,-0.25,44,-0.26,,,38,,45,38,1.09,7.4,0.07,3,31,3227:01:00,0.64,7,71,1411:01:00,0.6,1,10,9746:01:00,1.13,2049,-0.72,,,,,,41,0.23,,,49,,38,562,8,6,9,-0.61,11,6,15,9,5,12,2,0,5,0,0,1,-0.5,82,78,87,0.72,,,,,,,,,,,,,,,,4815,61,51,70,2.14,6.7,-0.49,No,-0.77,79,3293,73,84,0.84,1,0.73,1476,2382,62,49,75,-0.26,6456,7287,89,85,92,0.02,170,4843,3.5,-0.08,118305,32592,3.6,-1.17,22,13,31,0.37,,,,13,3,52,106,79,139,0.2,,,,,,,,,,96,52,160,,,,,,,118,83,163,3,3.1,1.47,22,-0.87
51051,Virginia,Dickenson,,399,13595,11477,15713,0.81,,,,,,,,,,,,,,,,,,,,,,,,,,,,,5.5,4.6,6.6,1.64,,8,6,9,-0.4,,,,,,,,,,,,,,,,,,,,,,6.9,5.7,8.1,2.06,22,20,25,0.54,43,-0.16,,,,,,58,0.21,,-0.58,3,22,4596:01:00,0.89,12,88,1137:01:00,0.53,1,7,13725:1,1.22,4016,1.1,,,,,,36,0.84,,,,,,847,8,7,10,-0.43,11,8,14,11,7,14,0,0,1,1,0,1,-0.41,78,70,86,0.09,,,,,,,,,,,,,,,,4586,48,39,57,1.19,6.7,-0.49,Yes,1.29,77,4406,72,82,1.11,1,0.49,1623,3185,51,42,60,0.69,8442,10345,82,79,84,1.32,202,4634,4.4,0.62,87879,17031,5.2,0.74,23,14,32,0.52,,,,,,108,153,124,182,1.78,,,,,,,,,,,,,,,,,,,,,,3,2.2,1.63,24,-0.7
51053,Virginia,Dinwiddie,,561,10647,9166,12128,0.04,,,,,,,,,,,,,14426,10863,17988,,,,,,,,,,9706,8020,11392,,4.2,3.4,5.1,-0.39,,9,7,10,0.11,,,,,,,,,,12,8,16,,,,,,,8,6,9,5.8,4.7,6.8,0.18,20,17,22,-0.02,47,-0.55,,,43,,48,37,1.11,8.3,-0.7,4,14,6978:01:00,1.1,7,25,4049:01:00,0.8,2,7,14081:1,1.22,3616,0.73,,,4411,,3265,49,-0.74,,,53,,48,1587,7,6,8,-0.71,11,8,14,9,6,11,2,0,3,1,0,2,-0.33,79,75,84,0.29,,,,,,,76,68,84,,,,80,74,86,13284,52,44,59,1.45,7,-0.34,No,-0.77,85,8835,81,88,-0.06,2,0.36,4198,6872,61,52,70,-0.18,18540,20313,91,88,94,-0.47,462,14201,3.3,-0.29,146729,35258,4.2,-0.51,17,11,23,-0.22,,,24,,10,134,94,78,110,-0.18,,,,,,,,,,91,65,124,,,,,,,104,84,128,21,7.5,0.7,18,-1.56
51057,Virginia,Essex,,229,12685,9927,15443,0.57,,,,,,,,,,,,,16968,11789,22147,,,,,,,,,,10338,7112,13565,,4.9,4,5.9,0.73,,14,11,16,2.52,,,,,,,,,,21,16,25,,,,,,,8,5,11,6.2,5.1,7.4,0.96,24,22,26,0.9,51,-0.93,,,48,,51,58,0.21,6.9,0.49,4,38,2643:01:00,0.45,7,66,1514:01:00,0.63,6,56,1772:01:00,-0.22,2717,-0.1,,,1579,,2531,48,-0.62,,,50,,47,785,10,8,12,-0.13,18,14,23,15,10,20,2,0,4,2,0,3,1.29,75,69,81,-0.22,,,,,,,79,58,100,,,,72,64,79,4093,46,37,55,1.02,6.2,-0.74,No,-0.77,78,3436,74,83,0.95,2,0.11,902,2099,43,34,52,1.38,6627,7729,86,83,88,0.55,208,5679,3.7,0.05,116307,19952,5.8,1.58,21,13,29,0.22,,,42,11,18,64,118,91,151,0.62,,,,,,,,,,111,69,167,,,,,,,143,103,193,13,12.2,-0.14,26,-0.37
51059,Virginia,Fairfax,,7060,3771,3639,3904,-1.75,4322,3982,4663,,,,,,2465,2223,2707,,6208,5676,6741,,,,,,,,,,3519,3339,3699,,3.3,2.8,3.9,-1.74,,7,7,7,-0.6,7,7,7,,,,9,8,9,10,10,11,,,,6,5,8,6,6,6,4.7,4.1,5.5,-1.52,12,10,13,-1.68,52,-1.03,38,54,38,39,53,100,-1.66,9.5,-1.72,1269,111,898:01:00,-1.58,3134,274,364:01:00,-0.27,1323,116,860:01:00,-1.97,1645,-1.1,,1168,3062,1770,1538,38,0.59,,33,34,32,40,73301,8,7,8,-0.61,14,14,15,12,11,12,3,3,3,1,0,1,0.35,58,57,59,-2.55,65,59,71,56,55,58,71,70,73,61,59,63,64,64,65,613027,47,45,48,1.04,7.9,0.11,No,-0.77,96,397208,96,97,-1.82,2,0.2,264841,315875,84,83,85,-2.14,732044,785190,93,93,94,-0.84,16293,656494,2.5,-0.92,,,,-0.03,7,6,9,-1.45,15,6,13,15,4,2107,37,35,38,-2.1,32,28,35,,,,21,19,24,39,34,44,,,,,,,45,43,48,1015,8.9,0.45,24,-0.65
51061,Virginia,Fauquier,,865,6683,5964,7401,-0.99,,,,,,,,,,,,,11214,7744,14683,,,,,,,,,,6561,5750,7371,,3.6,2.9,4.4,-1.3,,6,5,7,-1.1,7,5,8,,,,11,5,17,15,11,19,,,,,,,5,4,6,5.5,4.6,6.5,-0.26,14,13,16,-1.17,52,-1.03,,56,44,49,52,56,0.27,9.5,-1.72,33,45,2237:01:00,0.26,101,134,744:01:00,0.33,39,52,1914:01:00,-0.1,2548,-0.26,,,5728,,2325,36,0.84,,40,36,24,36,4355,7,6,8,-0.74,12,10,14,10,8,12,1,0,2,1,0,2,-0.28,74,72,77,-0.36,,,,76,66,86,59,53,65,67,56,78,70,67,73,38402,58,54,62,1.94,7.1,-0.29,No,-0.77,91,23933,90,93,-1.03,2,0.38,11671,17540,67,62,71,-0.65,46686,50801,92,91,93,-0.59,977,38687,2.5,-0.89,219909,57983,3.8,-0.97,7,4,9,-1.53,,,5,28,3,265,73,64,82,-0.88,,,,,,,,,,106,70,153,,,,,,,77,67,87,89,11.9,-0.08,16,-1.87
51063,Virginia,Floyd,,292,8542,6788,10297,-0.51,,,,,,,,,,,,,,,,,,,,,,,,,,,,,4.3,3.4,5.1,-0.32,,7,5,9,-0.66,,,,,,,,,,,,,,,,,,,,,,5.9,4.8,7,0.34,16,14,18,-0.8,34,0.71,,,44,,34,27,1.56,8.1,-0.53,5,32,3113:01:00,0.61,18,115,871:01:00,0.42,3,19,5206:01:00,0.87,2374,-0.42,,,,,,40,0.35,,,,,,898,8,6,9,-0.61,11,6,16,11,5,16,0,0,1,0,0,1,-0.43,79,75,83,0.2,,,,,,,,,,,,,,,,7815,52,44,61,1.5,6.4,-0.64,No,-0.77,81,5362,75,86,0.57,2,0.12,2148,3348,64,53,75,-0.45,10685,11670,92,89,94,-0.53,228,8721,2.6,-0.81,115596,24733,4.7,0.13,15,9,21,-0.47,,,,12,8,96,122,99,149,0.75,,,,,,,,,,,,,,,,,,,,,,20,12.8,-0.24,25,-0.48
51065,Virginia,Fluvanna,,349,6850,5680,8021,-0.95,,,,,,,,,,,,,7008,4853,9793,,,,,,,,,,6884,5500,8268,,3.9,3.1,4.7,-0.91,,8,6,9,-0.42,,,,,,,,,,10,6,14,,,,,,,7,6,8,5.9,4.8,6.9,0.35,17,15,19,-0.59,59,-1.71,,48,48,50,60,49,0.59,9.4,-1.64,6,22,4621:01:00,0.9,32,112,889:01:00,0.43,3,11,9386:01:00,1.12,2001,-0.77,,,4532,,1611,59,-1.95,,,56,,59,1235,6,5,7,-0.99,9,6,12,8,5,10,1,0,2,0,0,1,-0.91,74,69,78,-0.45,,,,,,,,,,,,,,,,13274,60,52,68,2.08,6.9,-0.39,No,-0.77,91,9320,88,93,-1,6,-1.53,4705,7169,66,57,74,-0.57,19211,20470,94,92,96,-0.95,372,14653,2.5,-0.88,158745,44239,3.6,-1.22,9,6,13,-1.2,,68,,26,10,111,81,66,96,-0.63,,,,,,,,,,83,49,134,,,,,,,83,66,102,16,5.7,1.01,18,-1.47
51067,Virginia,Franklin,,1049,10174,9079,11268,-0.08,,,,,,,,,,,,,13147,8932,18660,,,,,,,,,,10094,8922,11267,,4.3,3.5,5.3,-0.19,,8,7,9,-0.13,8,4,12,,,,,,,15,10,20,,,,,,,8,7,9,5.9,4.9,7,0.44,16,14,18,-0.78,35,0.62,,,27,,36,44,0.82,7.9,-0.36,19,35,2891:01:00,0.54,68,122,817:01:00,0.38,10,18,5507:01:00,0.9,2567,-0.24,,,3328,,2538,46,-0.38,,,47,,46,3162,8,7,9,-0.56,11,9,14,10,7,12,2,1,2,0,0,0,-0.39,79,76,82,0.24,,,,,,,72,59,86,,,,75,70,80,23993,52,47,57,1.48,7.1,-0.29,Yes,1.29,81,18184,78,83,0.53,1,0.82,6198,10584,59,52,65,0.04,36303,40083,91,89,92,-0.34,810,27140,3,-0.51,126258,27298,4.6,0.07,16,10,21,-0.39,,,18,16,18,301,108,96,120,0.28,,,,,,,,,,120,79,176,,,,,,,111,98,125,50,9.1,0.42,24,-0.62
51069,Virginia,Frederick,,1218,6972,6331,7613,-0.92,5465,3827,7566,,,,,,,,,,,,,,,,,,,,,,7226,6497,7955,,4,3.2,4.8,-0.72,,7,7,8,-0.46,8,6,10,,,,6,3,10,11,7,15,,,,12,6,18,7,6,8,5.5,4.5,6.6,-0.2,17,15,19,-0.59,51,-0.93,,52,43,32,52,77,-0.64,8.8,-1.13,42,45,2231:01:00,0.26,98,102,980:01:00,0.47,12,13,7921:01:00,1.06,3628,0.74,,,7595,2558,3559,44,-0.13,,22,46,30,45,6272,8,7,9,-0.49,10,9,12,8,7,10,1,1,2,1,1,2,-0.57,78,76,80,0.15,,,,,,,68,57,80,71,64,79,77,74,80,45366,40,36,43,0.49,7.2,-0.24,No,-0.77,89,30482,87,90,-0.67,2,0.2,14245,23456,61,56,65,-0.15,58004,65083,89,88,91,-0.08,1326,53331,2.5,-0.92,167323,45658,3.7,-1.13,8,5,12,-1.32,,11,7,21,6,319,70,62,77,-1,28,15,48,,,,,,,,,,,,,,,,79,70,88,75,7.9,0.63,18,-1.45
51071,Virginia,Giles,,433,12049,10153,13945,0.41,,,,,,,,,,,,,,,,,,,,,,,,,,,,,4.6,3.6,5.5,0.15,,8,7,10,-0.01,,,,,,,,,,,,,,,,,,,,,,6,4.9,7.1,0.58,17,15,19,-0.5,37,0.42,,,31,,37,84,-0.96,8.9,-1.21,8,48,2070:01:00,0.16,7,43,2351:01:00,0.73,6,36,2742:01:00,0.36,2623,-0.19,,,,,,50,-0.86,,,,,,912,7,6,8,-0.72,10,7,13,8,5,11,1,0,2,1,0,2,-0.66,84,80,88,0.92,,,,,,,,,,,,,,,,7281,49,40,57,1.19,6.6,-0.54,No,-0.77,81,5452,77,84,0.58,2,0.27,1850,3704,50,41,59,0.78,11069,12137,91,89,94,-0.46,241,8356,2.9,-0.59,113662,29362,3.9,-0.87,15,9,21,-0.5,,,,21,8,94,113,91,138,0.44,,,,,,,,,,,,,,,,,,,,,,19,11.5,-0.02,24,-0.6
51073,Virginia,Gloucester,,676,8639,7528,9751,-0.48,,,,,,,,,,,,,,,,,,,,,,,,,,,,,4.2,3.4,5,-0.47,,8,7,9,-0.3,,,,,,,,,,15,9,21,,,,,,,7,6,8,5.7,4.7,6.7,0.12,16,14,18,-0.82,51,-0.93,,41,43,29,52,75,-0.55,9,-1.3,18,46,2171:01:00,0.22,89,222,450:01:00,-0.05,14,35,2821:01:00,0.39,1324,-1.39,,,544,,1288,54,-1.35,,42,57,,54,2501,8,7,9,-0.53,9,7,12,8,6,11,1,0,1,1,0,1,-0.79,86,82,90,1.13,,,,,,,,,,,,,,,,19129,59,53,66,2.05,6.3,-0.69,Yes,1.29,89,13426,86,92,-0.69,2,0.08,5654,9307,61,53,68,-0.15,26245,28778,91,89,93,-0.46,531,20049,2.6,-0.79,146796,41023,3.6,-1.24,11,7,15,-0.99,,,19,,9,147,77,65,90,-0.76,,,,,,,,,,82,42,143,,,,,,,80,66,94,36,9.1,0.41,27,-0.2
51075,Virginia,Goochland,,334,6390,5203,7577,-1.07,,,,,,,,,,,,,10522,7482,14384,,,,,,,,,,5969,4579,7358,,3.6,2.8,4.4,-1.37,,7,6,9,-0.62,,,,,,,,,,16,10,22,,,,,,,6,4,7,5.3,4.2,6.4,-0.65,12,11,14,-1.53,58,-1.61,,45,43,,60,62,0.01,9.5,-1.72,18,71,1416:01:00,-0.45,32,118,850:01:00,0.4,7,27,3730:01:00,0.64,1721,-1.03,,,2457,,1223,52,-1.1,,,52,,52,742,4,3,5,-1.41,9,5,12,6,4,9,1,0,3,1,0,2,-0.93,77,72,82,-0.02,,,,91,86,96,77,53,100,,,,79,73,85,11718,49,41,56,1.23,7,-0.34,No,-0.77,92,9228,90,94,-1.19,2,0.15,3880,5267,74,65,83,-1.27,18450,19418,95,93,97,-1.17,348,12203,2.9,-0.62,230360,58923,3.9,-0.82,8,5,11,-1.34,,,4,,4,91,74,60,91,-0.86,,,,,,,,,,98,58,155,,,,,,,73,57,92,41,15.7,-0.74,19,-1.36
51077,Virginia,Grayson,,352,9845,7753,11936,-0.17,,,,,,,,,,,,,,,,,,,,,,,,,,,,,5.2,4.2,6.2,1.06,,7,6,9,-0.49,,,,,,,,,,,,,,,,,,,,,,6.5,5.4,7.7,1.38,24,22,27,0.94,38,0.33,,,29,,38,67,-0.2,7.2,0.24,2,13,7680:01:00,1.13,8,52,1911:01:00,0.68,3,20,5114:01:00,0.86,2002,-0.77,,,,,,42,0.11,,,,,,752,7,6,9,-0.7,8,6,11,6,4,9,1,0,2,1,0,2,-1.01,81,78,85,0.56,,,,,,,,,,,,,,,,5798,39,33,46,0.47,6.4,-0.64,No,-0.77,79,4878,75,83,0.87,1,0.51,1552,3303,47,37,57,1.04,9875,11719,84,82,87,0.82,227,8300,2.7,-0.71,89223,19678,4.5,-0.04,23,14,32,0.49,,,58,4,25,63,81,63,104,-0.61,,,,,,,,,,,,,,,,,,,,,,11,7.2,0.75,27,-0.26
51079,Virginia,Greene,,268,6743,5491,7995,-0.98,,,,,,,,,,,,,,,,,,,,,,,,,,,,,4.1,3.2,5,-0.54,,6,5,7,-1.05,8,4,13,,,,,,,8,3,13,,,,,,,6,5,7,5.8,4.7,6.9,0.22,17,15,19,-0.55,56,-1.42,,58,41,,57,62,0.03,8.4,-0.79,5,24,4194:01:00,0.84,25,117,852:01:00,0.4,3,14,7036:01:00,1.01,2005,-0.76,,,,,,54,-1.35,,,50,,55,1502,9,7,10,-0.36,10,7,13,7,4,10,3,1,5,0,0,1,-0.58,73,67,79,-0.54,,,,,,,,,,,,,,,,10444,48,41,56,1.17,6.6,-0.54,Yes,1.29,91,7193,88,94,-1,3,-0.16,3052,5003,61,51,71,-0.17,13075,14550,90,88,92,-0.21,275,10972,2.5,-0.9,149363,41980,3.6,-1.26,12,7,16,-0.93,,,34,22,9,88,86,69,106,-0.45,,,,,,,,,,,,,,,,,,,,,,5,2.4,1.59,19,-1.39
51081,Virginia,Greensville,,250,12862,10260,15465,0.62,,,,,,,,,,,,,14266,10618,17913,,,,,,,,,,11379,8092,15556,,4.8,4,5.8,0.58,,13,10,15,2.04,,,,,,,,,,15,12,18,,,,,,,9,5,12,5.7,4.7,6.8,0.14,24,22,26,0.92,46,-0.45,,,35,,60,24,1.72,9.2,-1.47,4,35,2859:01:00,0.53,10,90,1113:01:00,0.52,1,9,11226:1,1.17,2492,-0.31,,,2978,,1223,67,-2.92,,,,,,351,6,5,7,-0.99,12,7,17,9,5,14,3,0,5,0,0,1,-0.24,78,71,85,0.12,,,,,,,80,69,91,,,,90,82,99,3911,38,27,48,0.35,6.6,-0.54,No,-0.77,84,2583,78,89,0.13,,0.14,1363,3598,38,29,47,1.82,6774,8562,79,75,83,1.78,161,4297,3.7,0.12,113442,29984,3.8,-0.98,27,17,37,0.97,,,17,,5,56,98,74,128,-0.05,,,,,,,,,,89,60,126,,,,,,,128,84,188,0,0,2.01,28,-0.15
51083,Virginia,Halifax,,844,13971,12358,15583,0.91,,,,,,,,,,,,,17468,14397,20540,,,,,,,,,,12801,10787,14814,,4.9,4,5.8,0.59,,11,9,12,1.02,,,,,,,,,,15,13,18,,,,,,,8,6,9,6,5,7.2,0.63,22,20,24,0.52,42,-0.06,,,42,,42,46,0.73,7.6,-0.1,13,39,2595:01:00,0.43,42,126,796:01:00,0.37,16,48,2103:01:00,0.04,3700,0.81,,,4479,,3511,45,-0.26,,,50,,43,2133,9,7,10,-0.36,13,10,16,11,9,14,1,0,2,1,0,1,0.04,79,75,83,0.24,,,,,,,80,72,88,,,,78,73,82,13104,34,29,40,0.08,7.3,-0.19,No,-0.77,66,9058,62,70,2.77,1,0.6,3800,7048,54,47,61,0.44,20027,24537,82,79,84,1.31,624,15730,4,0.3,103441,18900,5.5,1.13,27,21,34,1.02,,,42,23,19,207,122,106,139,0.75,,,,,,,,,,98,75,126,,,,,,,144,120,167,48,14.3,-0.49,22,-0.88
51085,Virginia,Hanover,,1463,6976,6392,7561,-0.92,,,,,,,,,,,,,10457,8083,12831,,,,,,,,,,6724,6099,7350,,3.5,2.8,4.3,-1.43,,7,6,7,-0.8,7,4,9,,,,8,5,11,15,12,18,,,,,,,6,5,6,5.2,4.3,6.2,-0.78,14,13,16,-1.09,56,-1.42,,52,45,40,57,86,-1.03,9.3,-1.55,81,73,1378:01:00,-0.51,260,228,439:01:00,-0.07,81,72,1394:01:00,-0.67,2288,-0.5,,2915,1923,,2348,51,-0.98,,49,53,30,50,4998,6,5,6,-1.06,9,8,11,8,7,10,1,0,1,1,0,1,-0.77,76,74,78,-0.12,,,,77,62,92,81,76,85,74,68,79,70,68,73,57642,39,36,41,0.41,7.4,-0.14,No,-0.77,91,38308,90,93,-1.04,2,0.15,19853,25798,77,72,81,-1.55,73560,77969,94,94,95,-1.04,1556,62020,2.5,-0.9,189002,49789,3.8,-0.96,6,4,8,-1.63,,,21,14,4,430,78,71,86,-0.71,,,,,,,,,,106,80,139,,,,,,,80,71,88,138,12.2,-0.13,20,-1.24
51087,Virginia,Henrico,,4471,7787,7440,8133,-0.71,5611,4466,6755,,,,,,2321,1737,2905,,11466,10672,12259,,,,,,,,,,6981,6521,7442,,3.8,3.2,4.6,-0.95,,8,8,9,-0.01,7,6,8,,,,9,8,10,13,12,14,,,,7,5,9,6,6,6,5.4,4.6,6.3,-0.35,15,14,17,-0.88,58,-1.61,,55,46,32,61,96,-1.49,9,-1.3,350,105,953:01:00,-1.4,1411,421,237:01:00,-0.9,285,85,1172:01:00,-1.07,2047,-0.72,,989,2713,1999,1887,50,-0.86,,36,53,44,51,18502,7,6,8,-0.79,14,13,15,13,11,14,2,1,2,1,1,1,0.32,70,68,71,-0.99,69,60,78,51,47,56,73,70,76,67,65,69,76,74,77,174247,25,24,27,-0.64,7.2,-0.24,No,-0.77,92,124476,91,93,-1.14,3,-0.35,70298,93666,75,72,78,-1.38,217940,234295,93,92,94,-0.8,5543,191583,2.9,-0.58,168495,39953,4.2,-0.44,12,9,16,-0.83,,2,21,28,5,1258,76,72,80,-0.8,26,17,37,,,,17,11,25,85,77,93,,,,,,,88,82,95,402,12,-0.1,25,-0.5
51089,Virginia,Henry,,1362,15807,14379,17236,1.39,,,,,,,,,,,,,17465,13391,21538,,,,,,,,,,16629,14882,18376,,5.1,4.3,6.1,1.01,,9,8,10,0.36,6,4,9,,,,,,,14,11,17,,,,,,,9,7,10,6.4,5.4,7.5,1.27,25,22,28,1.11,40,0.13,,,33,25,41,39,1.02,6.8,0.58,23,46,2185:01:00,0.23,12,24,4142:01:00,0.81,35,70,1426:01:00,-0.62,3687,0.79,,,3975,,3687,49,-0.74,,,46,,49,3083,8,7,10,-0.44,11,9,14,10,7,12,1,1,2,1,0,1,-0.32,82,79,85,0.66,,,,,,,81,74,88,,,,79,76,82,19756,26,23,30,-0.57,7.4,-0.14,No,-0.77,75,15303,72,77,1.49,2,0.44,5809,10387,56,50,62,0.26,30819,37029,83,82,85,1.02,841,24244,3.5,-0.11,98012,21473,4.6,0,25,18,32,0.73,,,24,17,20,414,164,148,180,2.15,,,,,,,,,,107,82,138,,,,,,,199,178,220,68,13.6,-0.38,21,-1.1
51091,Virginia,Highland,x,,,,,0,,,,,,,,,,,,,,,,,,,,,,,,,,,,,4.3,3.4,5.2,-0.29,x,11,5,16,0.99,,,,,,,,,,,,,,,,,,,,,,5.9,4.8,7,0.34,15,13,17,-0.99,43,-0.16,,,,,,63,-0.03,5.1,2.03,3,135,742:01:00,-2.22,5,214,468:01:00,-0.01,2,87,1151:01:00,-1.11,3405,0.53,,,,,,48,-0.62,,,,,,120,8,7,10,-0.44,6,1,11,2,0,7,0,0,3,4,0,8,-1.54,72,60,84,-0.7,,,,,,,,,,,,,,,,848,32,20,44,-0.09,5.5,-1.09,No,-0.77,74,738,61,87,1.65,7,-1.8,231,331,70,48,91,-0.93,1530,1714,89,84,94,-0.1,35,1506,2.3,-1.05,115500,33435,3.5,-1.39,21,13,29,0.24,,,,,,,,,,-0.04,,,,,,,,,,,,,,,,,,,,,,0,0,2.01,34,0.71
51093,Virginia,Isle of Wight,,630,8260,7181,9339,-0.58,,,,,,,,,,,,,14389,11234,17545,,,,,,,,,,6735,5577,7894,,4,3.3,4.9,-0.68,,9,8,10,0.09,,,,,,,,,,15,12,17,,,,,,,7,6,8,5.4,4.5,6.5,-0.34,17,15,18,-0.65,48,-0.64,,39,39,,49,71,-0.39,8.8,-1.13,16,41,2455:01:00,0.37,28,69,1454:01:00,0.61,10,25,4015:01:00,0.7,2224,-0.56,,,1721,,2209,54,-1.35,,23,59,,54,1988,6,5,7,-0.92,11,9,13,10,8,12,1,0,1,0,0,1,-0.41,81,79,84,0.57,,,,,,,73,67,80,,,,73,68,77,18953,49,45,54,1.24,6.6,-0.54,Yes,1.29,85,13051,82,87,-0.04,2,0.24,6217,9062,69,62,76,-0.83,26073,28286,92,91,93,-0.64,572,20247,2.8,-0.64,177721,37411,4.8,0.23,10,6,14,-1.15,,,30,13,3,149,78,65,90,-0.73,,,,,,,,,,90,64,124,,,,,,,77,62,92,49,12.2,-0.13,18,-1.53
51095,Virginia,James City,,878,5816,5140,6491,-1.22,,,,,,,,,,,,,8995,6996,10995,,,,,,,,,,5340,4557,6123,,3.3,2.6,4.1,-1.74,,8,7,8,-0.32,9,7,11,,,,8,4,12,14,12,17,,,,,,,6,5,7,4.7,3.8,5.6,-1.63,13,12,15,-1.34,57,-1.51,,59,42,31,59,98,-1.57,8.5,-0.87,89,111,898:01:00,-1.58,365,442,226:01:00,-0.99,91,112,892:01:00,-1.85,2325,-0.47,,,2712,,2185,58,-1.83,,46,56,33,58,3511,6,5,7,-0.97,12,10,14,10,8,12,1,1,2,1,0,1,-0.23,75,74,77,-0.25,,,,55,45,66,83,73,92,58,47,69,71,67,75,35599,36,33,40,0.22,6.5,-0.59,No,-0.77,94,29600,93,96,-1.54,5,-1,12119,16803,72,67,78,-1.13,55982,58785,95,94,96,-1.21,1068,38032,2.8,-0.65,186818,49914,3.7,-1.03,8,5,11,-1.31,,7,12,21,3,242,62,54,70,-1.27,,,,,,,,,,71,50,98,,,,,,,66,57,75,74,9.1,0.41,19,-1.37
51097,Virginia,King and Queen,,157,13004,9606,16402,0.66,,,,,,,,,,,,,,,,,,,,,,,,,,,,,4.7,3.8,5.7,0.4,,10,7,13,0.63,,,,,,,,,,20,11,29,,,,,,,7,4,9,5.9,4.8,7.1,0.42,21,19,24,0.33,47,-0.55,,,47,,48,29,1.48,8.1,-0.53,2,30,3331:01:00,0.67,,,,-0.1,,,,-0.26,3555,0.67,,,3166,,3234,51,-0.98,,,59,,48,483,9,8,11,-0.21,17,10,24,16,9,23,1,0,2,0,0,2,0.98,78,71,85,0.11,,,,,,,,,,,,,,,,3229,61,49,73,2.18,6.3,-0.69,No,-0.77,74,2070,68,79,1.65,2,0.15,980,1481,66,51,81,-0.62,4699,5220,90,87,94,-0.24,106,3978,2.7,-0.77,136993,28290,4.8,0.34,18,12,25,-0.08,,,79,,29,54,157,118,205,1.91,,,,,,,,,,173,97,285,,,,,,,167,118,229,9,13.4,-0.34,26,-0.34
51099,Virginia,King George,,347,7991,6739,9243,-0.65,,,,,,,,,,,,,14038,9778,19523,,,,,,,,,,6886,5609,8163,,3.8,3.1,4.7,-0.95,,8,7,9,-0.2,7,3,11,,,,,,,15,11,18,,,,,,,7,5,8,5.3,4.3,6.4,-0.62,16,14,18,-0.8,39,0.23,,20,35,,40,69,-0.31,9.4,-1.64,6,22,4582:01:00,0.89,21,74,1360:01:00,0.59,13,47,2143:01:00,0.06,4031,1.11,,,4189,,3999,40,0.35,,33,51,,39,1511,6,5,7,-0.88,10,8,13,8,5,10,1,0,2,1,0,2,-0.64,75,71,79,-0.23,,,,,,,81,71,90,65,44,85,79,76,81,13753,51,45,57,1.36,6.5,-0.59,Yes,1.29,91,8998,88,94,-1.03,4,-0.67,5354,7251,74,66,81,-1.28,16827,18467,91,89,93,-0.45,392,14913,2.6,-0.8,181901,51311,3.5,-1.28,8,5,10,-1.42,,,,16,7,105,77,62,92,-0.76,,,,,,,,,,71,40,117,,,,,,,84,67,104,24,8.6,0.5,18,-1.47
51101,Virginia,King William,,295,9662,7980,11344,-0.22,,,,,,,,,,,,,15647,10221,22927,,,,,,,,,,9077,7226,10929,,4.2,3.4,5,-0.44,,6,5,8,-0.98,,,,,,,,,,13,7,18,,,,,,,6,4,7,5.7,4.7,6.7,0,18,16,20,-0.42,51,-0.93,,,42,,52,64,-0.1,9.2,-1.47,6,33,3029:01:00,0.58,13,68,1464:01:00,0.62,6,32,3082:01:00,0.48,2889,0.06,,,4499,,2591,50,-0.86,,,51,,50,1082,7,6,8,-0.73,9,6,12,8,5,12,0,0,1,0,0,1,-0.84,79,75,83,0.28,,,,,,,,,,,,,,,,9472,68,59,77,2.76,6.7,-0.49,No,-0.77,77,5501,73,82,1.08,2,0.15,2977,4882,61,51,71,-0.17,11924,12744,94,92,96,-0.9,267,9860,2.7,-0.74,145460,36892,3.9,-0.78,9,5,12,-1.29,,,30,36,4,82,93,74,115,-0.23,,,,,,,,,,99,52,169,,,,,,,100,77,126,10,5.4,1.06,18,-1.47
51103,Virginia,Lancaster,,236,10856,8260,13452,0.1,,,,,,,,,,,,,15829,10896,22229,,,,,,,,,,8940,6066,11815,,4.3,3.5,5.2,-0.2,,13,10,16,2.21,,,,,,,,,,18,13,23,,,,,,,10,7,14,5.7,4.7,6.8,0.14,18,16,20,-0.4,51,-0.93,,,36,,52,71,-0.38,8.5,-0.87,4,37,2732:01:00,0.48,11,101,987:01:00,0.47,1,9,10750:1,1.16,1831,-0.92,,,3812,,1346,52,-1.1,,,57,,52,666,10,9,12,-0.04,10,7,13,9,6,12,1,0,3,0,0,1,-0.63,79,74,84,0.28,,,,,,,72,67,77,,,,78,71,85,3963,27,21,33,-0.5,6,-0.84,No,-0.77,74,4048,68,80,1.58,4,-0.65,949,1493,64,51,76,-0.39,7620,8763,87,83,91,0.33,214,5745,3.7,0.1,139280,28079,5,0.49,22,13,30,0.33,,,26,,12,56,104,79,135,0.15,,,,,,,,,,107,61,174,,,,,,,111,79,151,28,26,-2.56,26,-0.32
51105,Virginia,Lee,,625,13059,11364,14753,0.67,,,,,,,,,,,,,,,,,,,,,,,,,,,,,5.6,4.6,6.6,1.67,,8,7,10,-0.16,,,,,,,,,,,,,,,,,,,,,,6.4,5.2,7.6,1.23,22,19,24,0.42,38,0.33,,,,,,39,1.04,6.8,0.58,7,32,3140:01:00,0.62,35,161,621:01:00,0.22,5,23,4396:01:00,0.76,2805,-0.02,,,,,,41,0.23,,,,,,1272,8,7,10,-0.47,14,11,18,13,10,16,1,0,3,1,0,2,0.35,84,79,90,0.97,,,,,,,,,,,,,,,,6799,34,27,41,0.05,7.1,-0.29,No,-0.77,69,5866,65,74,2.28,1,0.49,2529,5461,46,38,54,1.09,13668,16604,82,80,85,1.18,317,8342,3.8,0.16,92514,16577,5.6,1.27,29,19,38,1.17,,,,,,131,115,95,134,0.5,,,,,,,,,,,,,,,,,,,,,,11,5,1.13,26,-0.39
51107,Virginia,Loudoun,,2243,3355,3156,3555,-1.86,3625,3060,4190,,,,,,2025,1711,2340,,4959,4061,5858,,,,,,,,,,3448,3175,3720,,3,2.5,3.7,-2.16,,7,7,7,-0.73,7,6,8,,,,9,8,9,10,9,12,,,,7,5,9,5,5,6,4.5,3.8,5.3,-1.92,12,10,13,-1.68,52,-1.03,,51,43,38,54,92,-1.33,9.9,-2.06,325,76,1316:01:00,-0.6,931,213,469:01:00,-0.01,318,74,1359:01:00,-0.72,2295,-0.49,,1678,4354,1262,2278,36,0.84,,28,30,28,39,21644,6,5,6,-1.05,10,10,11,8,8,9,2,2,2,1,0,1,-0.59,61,59,62,-2.19,73,50,96,44,41,46,67,64,70,65,62,69,63,62,64,229885,47,45,49,1.08,6.3,-0.69,No,-0.77,97,136111,96,97,-1.88,3,-0.17,101315,119377,85,83,87,-2.23,262137,278473,94,94,95,-1,6009,239037,2.5,-0.9,,,,-0.03,4,3,5,-1.86,7,2,12,11,2,608,29,27,31,-2.36,22,17,28,,,,15,12,19,30,22,40,,,,,,,37,34,41,303,7,0.78,21,-1.03
51109,Virginia,Louisa,,691,9533,8353,10714,-0.25,,,,,,,,,,,,,12794,8930,16659,,,,,,,,,,9486,8152,10821,,4.2,3.4,5.1,-0.34,,8,7,9,-0.42,,,,,,,,,,10,7,13,,,,,,,7,6,8,5.8,4.8,6.9,0.3,16,14,18,-0.73,52,-1.03,,,42,27,53,38,1.06,9,-1.3,4,10,9712:01:00,1.21,22,54,1865:01:00,0.68,7,17,5731:01:00,0.92,2308,-0.48,,,3443,,2126,49,-0.74,,,53,,49,2599,8,7,10,-0.48,11,8,13,9,7,11,2,1,3,0,0,1,-0.45,77,73,81,-0.02,,,,,,,76,64,88,,,,73,68,78,18427,64,57,71,2.4,6.9,-0.39,Yes,1.29,83,12587,80,86,0.25,3,-0.16,5293,9259,57,50,64,0.16,25528,28611,89,88,91,-0.09,560,21087,2.7,-0.78,155560,38003,4.1,-0.59,13,9,18,-0.72,,,17,18,8,200,104,90,119,0.15,,,,,,,,,,122,85,170,,,,,,,107,90,123,32,8,0.61,24,-0.7
51111,Virginia,Lunenburg,,252,11616,9071,14161,0.29,,,,,,,,,,,,,15289,10160,22097,,,,,,,,,,11346,7976,14717,,4.8,4,5.8,0.56,,9,7,11,0.44,,,,,,,,,,18,13,23,,,,,,,7,4,9,6.1,5,7.2,0.68,23,20,25,0.61,50,-0.84,,,44,,53,22,1.76,8.7,-1.04,2,17,5963:01:00,1.03,10,83,1204:01:00,0.55,4,33,3008:01:00,0.46,3349,0.48,,,4204,,2977,52,-1.1,,,52,,51,887,11,9,12,0.08,10,7,14,10,6,13,1,0,2,1,0,1,-0.55,80,74,86,0.37,,,,,,,82,68,97,,,,75,55,96,4359,41,31,50,0.59,6.8,-0.44,No,-0.77,60,2801,55,65,3,2,0.34,1386,2914,48,41,55,0.99,7115,8890,80,76,84,1.61,178,5355,3.3,-0.23,96293,19626,4.9,0.42,23,14,32,0.52,,,37,31,6,75,124,97,155,0.8,,,,,,,,,,122,78,182,,,,,,,135,99,179,16,13.3,-0.32,22,-0.89
51113,Virginia,Madison,,208,7227,5551,8903,-0.85,,,,,,,,,,,,,,,,,,,,,,,,,,,,,4.5,3.6,5.4,0,,8,7,10,0.02,,,,,,,,,,,,,,,,,,,,,,6,4.9,7.2,0.62,17,15,19,-0.63,54,-1.22,,,54,,54,49,0.58,9.2,-1.47,1,7,13942:1,1.3,6,42,2355:01:00,0.73,5,36,2800:01:00,0.38,1479,-1.25,,,,,,55,-1.47,,,40,,55,1003,9,8,11,-0.22,12,8,17,8,4,12,4,1,6,1,0,2,-0.13,74,70,78,-0.41,,,,,,,,,,,,,,,,6650,41,33,50,0.62,,-0.5,Yes,1.29,84,4512,80,88,0.1,1,0.82,1696,2996,57,46,68,0.21,9004,10148,89,86,92,0,177,7699,2.3,-1.07,142307,37894,3.8,-1.02,13,8,19,-0.71,,,7,17,7,68,100,78,127,0.02,,,,,,,,,,169,81,312,,,,,,,94,71,123,14,10,0.26,29,0.03
51115,Virginia,Mathews,,181,10352,7648,13056,-0.04,,,,,,,,,,,,,,,,,,,,,,,,,,,,,3.9,3.1,4.8,-0.91,,10,7,13,0.65,,,,,,,,,,,,,,,,,,,,,,5.6,4.5,6.7,-0.16,14,12,16,-1.15,54,-1.22,,,56,,54,48,0.62,9,-1.3,3,35,2849:01:00,0.53,10,117,851:01:00,0.4,2,24,4245:01:00,0.74,1450,-1.28,,,1088,,1361,54,-1.35,,,50,,55,412,7,6,8,-0.7,8,2,13,5,0,10,1,0,2,2,0,4,-1.17,75,66,84,-0.28,,,,,,,,,,,,,,,,3316,51,39,62,1.37,6,-0.84,No,-0.77,75,2821,69,81,1.45,3,-0.37,978,1304,75,60,90,-1.38,5967,6537,91,86,96,-0.48,118,4206,2.8,-0.66,142468,36529,3.9,-0.83,15,9,20,-0.55,,,,,,43,99,72,133,-0.03,,,,,,,,,,,,,,,,,,,,,,15,17.7,-1.09,21,-1.04
51117,Virginia,Mecklenburg,,724,12700,11106,14295,0.58,,,,,,,,,,,,,18518,15306,21730,,,,,,,,,,10293,8410,12176,,4.7,3.9,5.6,0.42,,10,9,11,0.76,,,,,,,,,,12,10,15,,,,,,,9,7,11,5.8,4.7,6.9,0.25,21,19,23,0.29,51,-0.93,,,45,,53,56,0.29,7.4,0.07,17,56,1779:01:00,-0.06,40,131,766:01:00,0.35,9,30,3390:01:00,0.57,3216,0.36,,,2715,,3392,50,-0.86,,,48,,51,2015,9,8,11,-0.23,15,12,18,12,9,14,1,0,2,3,1,4,0.44,82,80,84,0.71,,,,,,,77,73,82,,,,83,79,86,12110,35,30,40,0.15,7,-0.34,No,-0.77,72,9611,68,75,1.93,3,0.01,3884,6371,61,53,69,-0.17,19606,22801,86,84,88,0.5,478,13414,3.6,-0.03,112077,19341,5.8,1.54,21,12,29,0.22,,,36,43,12,174,114,97,131,0.47,,,,,,,,,,119,91,153,,,,,,,121,99,144,50,16.4,-0.86,24,-0.66
51119,Virginia,Middlesex,,276,13582,10600,16565,0.81,,,,,,,,,,,,,,,,,,,,,,,,,,,,,4.4,3.9,5.2,-0.04,,10,7,12,0.58,,,,,,,,,,13,6,20,,,,,,,10,7,12,6.2,5.6,7.1,0.96,18,17,19,-0.42,49,-0.74,,,34,,51,39,1.02,9.1,-1.38,4,37,2695:01:00,0.47,8,73,1366:01:00,0.59,5,46,2189:01:00,0.09,1719,-1.03,,,956,,1639,55,-1.47,,,56,,55,801,11,9,13,0.16,14,9,18,11,7,15,4,1,7,2,0,5,0.21,70,66,75,-0.89,,,,,,,,,,,,,,,,4351,44,34,54,0.82,6.2,-0.74,No,-0.77,82,3877,78,86,0.37,1,0.58,1129,1922,59,46,71,0.02,7759,8501,91,89,94,-0.47,144,5323,2.7,-0.74,142000,31659,4.5,-0.1,19,12,27,0.03,,,,,,66,123,95,157,0.77,,,,,,,,,,,,,,,,,,,,,,17,15.5,-0.71,26,-0.39
51121,Virginia,Montgomery,,990,6130,5556,6704,-1.14,,,,,,,,,,,,,,,,,,,,,,,,,,,,,4.2,3.5,5.1,-0.33,,7,7,8,-0.45,6,3,9,,,,7,4,10,12,7,16,,,,,,,7,7,8,5.7,4.7,6.7,0.07,17,15,19,-0.59,59,-1.71,,56,50,44,60,85,-0.99,8.1,-0.53,71,72,1387:01:00,-0.5,351,356,281:01:00,-0.62,51,52,1940:01:00,-0.08,2313,-0.48,,,1546,,2346,52,-1.1,,48,50,,52,4539,6,5,7,-0.95,17,15,20,16,14,18,2,1,2,1,0,1,1.03,70,68,73,-0.9,,,,47,39,54,61,48,74,56,42,70,75,72,77,46127,18,15,20,-1.25,6.8,-0.44,No,-0.77,91,33461,89,93,-1.03,2,0.12,17702,23152,76,71,82,-1.51,53746,56181,96,95,96,-1.29,1510,53757,2.8,-0.65,143055,22880,6.3,2.11,13,9,17,-0.78,,3,33,35,11,296,60,53,67,-1.33,63,31,113,,,,,,,70,38,117,,,,,,,65,57,72,115,11.6,-0.03,29,0.01
51125,Virginia,Nelson,,293,8481,6605,10358,-0.52,,,,,,,,,,,,,,,,,,,,,,,,,,,,,4.4,3.5,5.3,-0.11,,7,6,9,-0.59,,,,,,,,,,,,,,,,,,,,,,5.9,4.8,7,0.37,17,15,19,-0.65,54,-1.22,,,51,,54,52,0.48,8.6,-0.96,12,81,1233:01:00,-0.74,20,136,735:01:00,0.32,7,48,2093:01:00,0.03,2008,-0.76,,,2548,,1898,49,-0.74,,,42,,49,1256,12,10,14,0.37,14,9,19,12,7,17,1,0,3,1,0,2,0.17,64,57,70,-1.79,,,,,,,,,,,,,,,,6398,55,45,65,1.73,6.2,-0.74,Yes,1.29,81,5213,77,84,0.58,3,-0.16,1481,2786,53,42,64,0.5,9880,11136,89,85,92,0,205,7565,2.7,-0.73,154485,25911,6,1.74,18,11,25,-0.15,,,8,34,6,93,126,101,154,0.86,,,,,,,,,,225,133,356,,,,,,,120,94,151,16,10.9,0.09,24,-0.6
51127,Virginia,New Kent,,339,7505,6166,8844,-0.78,,,,,,,,,,,,,,,,,,,,,,,,,,,,,3.8,3,4.6,-1.05,,7,6,9,-0.52,,,,,,,,,,13,8,18,,,,,,,7,5,8,5.5,4.5,6.6,-0.2,13,11,15,-1.43,50,-0.84,,56,40,27,51,86,-1.05,10,-2.15,7,29,3414:01:00,0.69,38,145,688:01:00,0.28,6,24,4164:01:00,0.73,2097,-0.68,,,2236,,1806,48,-0.62,,25,45,,49,1485,7,6,9,-0.64,11,7,14,10,7,14,1,0,3,2,0,4,-0.46,75,70,80,-0.26,,,,,,,78,71,84,,,,59,50,69,12160,56,49,63,1.77,6.7,-0.49,No,-0.77,89,8037,86,92,-0.7,1,0.86,4092,6266,65,57,74,-0.54,16862,17825,95,93,96,-1.09,350,13672,2.6,-0.86,187099,57711,3.2,-1.66,7,4,10,-1.5,,,12,,3,85,72,58,89,-0.93,,,,,,,,,,,,,,,,,,,,,,22,8.8,0.47,15,-1.94
51131,Virginia,Northampton,,291,13342,10498,16185,0.74,,,,,,,,,,,,,17192,12134,22250,,,,,,,,,,12699,8327,17070,,4.5,3.6,5.4,0,,10,8,12,0.6,,,,,,,,,,15,11,18,,,,,,,6,4,9,6,4.9,7.2,0.53,20,17,22,-0.02,50,-0.84,,,42,37,52,47,0.7,8.4,-0.79,13,108,930:01:00,-1.47,15,125,801:01:00,0.37,17,143,700:01:00,-2.75,2291,-0.5,,,2723,,1604,52,-1.1,,,52,,52,812,10,8,11,-0.12,10,7,14,8,6,11,2,0,3,1,0,2,-0.54,70,66,74,-0.95,,,,,,,71,56,87,45,25,65,71,63,80,4958,30,22,37,-0.28,6.1,-0.79,No,-0.77,83,4425,79,86,0.22,2,0.3,1318,2313,57,47,67,0.17,7901,9101,87,84,89,0.35,200,5647,3.5,-0.05,131081,19651,6.7,2.63,27,17,37,0.99,,,48,45,9,67,113,88,144,0.45,,,,,,,,,,84,48,137,,,,,,,143,105,191,13,10.9,0.09,34,0.73
51133,Virginia,Northumberland,,254,10386,7877,12895,-0.03,,,,,,,,,,,,,12733,8391,18526,,,,,,,,,,10788,7401,14174,,4.1,3.3,5,-0.55,,12,9,14,1.48,,,,,,,,,,19,14,24,,,,,,,8,5,11,5.5,4.5,6.5,-0.3,18,16,20,-0.29,43,-0.16,,,34,,44,38,1.06,8.7,-1.04,10,83,1203:01:00,-0.8,3,24,4130:01:00,0.81,16,130,769:01:00,-2.38,2516,-0.29,,,3542,,2017,50,-0.86,,,56,,50,751,10,8,11,-0.14,13,9,17,12,8,16,0,0,1,1,0,2,0.1,71,62,79,-0.86,,,,,,,,,,,,,,,,4493,47,36,58,1.07,6,-0.84,No,-0.77,80,4352,76,84,0.66,2,0.1,1069,1808,59,41,77,-0.01,8582,9494,90,88,93,-0.31,239,5609,4.3,0.54,141675,30637,4.6,0.07,23,13,32,0.45,,8,,,29,67,110,86,140,0.36,,,,,,,,,,102,57,168,,,,,,,124,93,163,21,17.1,-0.98,25,-0.5
51135,Virginia,Nottoway,,336,11496,9408,13584,0.26,,,,,,,,,,,,,14128,10163,18093,,,,,,,,,,11361,8481,14240,,4.9,4,5.9,0.62,,10,9,12,0.9,,,,,,,,,,15,12,19,,,,,,,8,6,10,6,4.9,7.3,0.6,24,22,27,0.9,50,-0.84,,,47,,51,48,0.65,6.3,1.01,6,38,2599:01:00,0.43,19,122,819:01:00,0.38,7,45,2223:01:00,0.11,3688,0.8,,,5813,,2952,39,0.47,,,41,,38,1016,9,8,11,-0.23,12,8,16,10,6,14,2,0,3,0,0,1,-0.22,81,74,88,0.51,,,,,,,86,76,96,,,,78,76,81,5763,39,31,47,0.42,6.8,-0.44,Yes,1.29,72,3947,67,77,1.91,1,0.8,1932,4306,45,37,53,1.22,9711,11324,86,83,89,0.55,219,7383,3,-0.52,114582,23847,4.8,0.3,23,14,33,0.53,,,41,13,4,86,112,89,138,0.4,,,,,,,,,,95,63,137,,,,,,,134,101,174,25,16.1,-0.81,20,-1.28
51137,Virginia,Orange,,642,10006,8785,11227,-0.13,,,,,,,,,,,,,14628,10687,18569,,,,,,,,,,9708,8317,11099,,4.3,3.5,5.1,-0.28,,7,7,8,-0.46,4,2,6,,,,,,,15,11,19,,,,,,,7,6,8,5.9,4.9,6.9,0.39,18,16,20,-0.44,53,-1.13,,64,46,34,54,58,0.2,7.8,-0.27,17,46,2188:01:00,0.23,30,78,1286:01:00,0.57,12,32,3166:01:00,0.51,2368,-0.43,,,3609,,2225,53,-1.23,,36,48,,53,2379,8,7,9,-0.55,12,8,15,10,7,13,3,1,4,0,0,0,-0.29,74,71,78,-0.34,,,,,,,70,54,85,,,,68,62,74,17377,59,52,66,1.99,6.9,-0.39,Yes,1.29,92,13431,90,93,-1.1,3,-0.07,4807,9037,53,46,60,0.5,24430,26758,91,90,93,-0.48,542,17888,3,-0.47,166345,43334,3.8,-0.91,12,7,17,-0.85,,,39,7,18,216,116,100,131,0.53,,,,,,,,,,113,75,165,,,,,,,125,106,143,30,7.9,0.62,22,-0.96
51139,Virginia,Page,,522,11041,9479,12603,0.14,,,,,,,,,,,,,,,,,,,,,,,,,,,,,4.7,3.8,5.7,0.3,,8,7,10,-0.04,,,,,,,,,,,,,,,,,,,,,,6.2,5.1,7.3,0.85,18,16,21,-0.27,32,0.91,,,32,,32,63,-0.03,,-0.58,6,25,3968:01:00,0.8,13,55,1826:01:00,0.67,4,17,5938:01:00,0.94,3552,0.67,,,,,,40,0.35,,,54,,40,1653,9,8,10,-0.31,12,9,16,11,8,14,1,0,1,2,0,4,-0.13,76,70,82,-0.13,,,,,,,,,,,,,,,,10784,48,42,54,1.18,6.5,-0.59,No,-0.77,79,7498,75,83,0.84,1,0.65,2355,5360,44,37,51,1.3,14595,17396,84,81,86,0.89,439,12712,3.5,-0.12,108620,25838,4.2,-0.45,17,11,24,-0.22,,,,2,8,124,104,86,122,0.14,,,,,,,,,,,,,,,,,,,,,,25,10.5,0.16,32,0.55
51141,Virginia,Patrick,,444,13655,11389,15921,0.83,,,,,,,,,,,,,,,,,,,,,,,,,,,,,4.8,3.8,5.7,0.48,,10,8,12,0.66,,,,,,,,,,,,,,,,,,,,,,6.2,5.1,7.3,0.88,20,18,22,0.06,35,0.62,,,32,,35,32,1.34,8.1,-0.53,4,23,4401:01:00,0.87,12,69,1459:01:00,0.61,2,11,8822:01:00,1.1,2720,-0.1,,,,,,48,-0.62,,,40,,48,1027,8,7,10,-0.48,10,7,14,7,4,10,1,0,2,2,0,4,-0.63,76,71,81,-0.13,,,,,,,,,,,,,,,,7301,51,42,60,1.39,6.8,-0.44,No,-0.77,80,6245,76,84,0.65,2,0.44,1843,3354,55,45,65,0.35,11583,13723,84,81,87,0.8,256,7319,3.5,-0.09,112172,22522,5,0.52,19,12,27,0.03,,,17,,8,133,151,125,177,1.71,,,,,,,,,,,,,,,,,,,,,,14,7.9,0.62,28,-0.12
51143,Virginia,Pittsylvania,,1220,11015,9936,12095,0.14,,,,,,,,,,,,,11287,8990,13584,,,,,,,,,,11045,9784,12306,,4.7,3.9,5.6,0.4,,9,8,10,0.3,,,,,,,,,,16,13,19,,,,,,,7,6,8,5.8,4.9,6.8,0.23,23,21,26,0.79,52,-1.03,,,45,,53,36,1.17,7.8,-0.27,5,8,11994:1,1.26,18,30,3310:01:00,0.78,5,8,11990:1,1.19,2368,-0.43,,,2420,,2392,46,-0.38,,,40,,47,3788,9,7,10,-0.38,12,10,15,10,8,12,2,1,3,1,0,1,-0.12,86,83,88,1.14,,,,,,,74,71,77,68,51,85,79,76,83,24760,37,33,40,0.25,7.6,-0.04,Yes,1.29,76,18674,74,78,1.31,2,0.4,6635,12714,52,47,57,0.59,38507,44901,86,84,87,0.55,954,31010,3.1,-0.43,106451,22589,4.7,0.18,17,10,23,-0.29,,,37,6,14,350,116,104,128,0.55,,,,,,,,,,93,71,119,,,,,,,128,113,142,83,13.8,-0.42,22,-0.94
51145,Virginia,Powhatan,,444,7780,6517,9044,-0.71,,,,,,,,,,,,,,,,,,,,,,,,,,,,,3.7,3,4.6,-1.11,,6,5,7,-0.96,,,,,,,,,,22,12,31,,,,,,,6,4,7,5.4,4.4,6.5,-0.36,13,12,15,-1.34,53,-1.13,,54,46,35,54,63,-0.05,9.7,-1.89,17,55,1832:01:00,-0.01,18,56,1784:01:00,0.67,13,41,2422:01:00,0.22,1890,-0.87,,,1068,,1895,47,-0.5,,27,63,,46,1534,6,5,7,-0.89,5,3,7,5,2,7,0,0,1,0,0,0,-1.77,74,68,80,-0.39,,,,,,,,,,,,,,,,15909,59,52,66,2.03,7.1,-0.29,No,-0.77,91,10093,88,94,-0.94,2,0.08,5257,7884,67,58,75,-0.66,21503,23494,92,90,93,-0.52,402,15148,2.7,-0.78,195667,53362,3.7,-1.13,7,4,9,-1.52,,,,,,123,81,67,95,-0.62,,,,,,,,,,97,52,166,,,,,,,80,65,96,22,7,0.78,18,-1.46
51147,Virginia,Prince Edward,,366,10738,9022,12455,0.06,,,,,,,,,,,,,13454,10261,16647,,,,,,,,,,9399,7320,11479,,4.6,3.8,5.6,0.23,,11,10,13,1.26,,,,,,,,,,16,13,19,,,,,,,8,7,10,5.8,4.8,6.9,0.33,21,19,24,0.33,49,-0.74,,,39,,52,79,-0.73,7.9,-0.36,14,64,1567:01:00,-0.27,66,299,334:01:00,-0.38,9,41,2436:01:00,0.23,2805,-0.02,,,3130,,2629,42,0.11,,,46,,40,1174,8,7,10,-0.44,19,14,24,15,11,20,1,0,2,3,1,5,1.32,70,65,75,-0.94,,,,,,,71,62,79,,,,78,74,82,8144,31,25,38,-0.16,6.7,-0.49,No,-0.77,75,5682,71,79,1.41,2,0.37,2824,4853,58,50,66,0.07,11368,12920,88,86,90,0.13,422,10198,4.1,0.44,114698,18674,6.1,1.97,29,20,37,1.17,,,50,,14,104,92,75,110,-0.25,,,,,,,,,,75,49,109,,,,,,,107,84,135,23,10.5,0.17,23,-0.87
51149,Virginia,Prince George,,479,7210,6225,8195,-0.86,,,,,,,,,,,,,6440,4761,8118,,,,,,,,,,8103,6693,9513,,4.2,3.4,5,-0.43,,10,8,11,0.51,11,7,14,,,,,,,15,13,18,,,,,,,6,5,8,5.7,4.7,6.7,0.01,21,19,23,0.27,42,-0.06,,35,37,14,44,46,0.72,8.7,-1.04,7,16,6126:01:00,1.04,65,152,660:01:00,0.26,16,37,2696:01:00,0.34,2378,-0.42,,,2161,,2382,42,0.11,,15,43,,44,1779,6,5,7,-0.87,12,9,15,12,9,15,1,0,2,0,0,0,-0.14,68,65,72,-1.15,,,,,,,74,70,78,51,39,64,76,70,82,20646,41,36,45,0.56,6.9,-0.39,No,-0.77,92,11713,90,94,-1.18,2,0.36,8170,13199,62,55,68,-0.25,24989,27591,91,89,92,-0.34,538,15892,3.4,-0.18,148107,45715,3.2,-1.66,11,7,16,-0.94,,,14,5,9,128,64,53,75,-1.2,,,,,,,,,,46,31,66,,,,,,,84,67,103,26,6,0.95,18,-1.53
51153,Virginia,Prince William,,4045,5613,5373,5852,-1.27,4817,4385,5249,,,,,,3258,2692,3824,,8066,7399,8734,,,,,,,,,,5470,5101,5839,,3.8,3.2,4.5,-0.97,,8,7,8,-0.4,7,6,7,,,,9,8,10,11,10,12,,,,8,6,10,6,5,6,4.9,4.2,5.6,-1.24,16,14,17,-0.82,47,-0.55,,49,36,37,50,97,-1.55,9.4,-1.64,214,44,2264:01:00,0.28,860,176,569:01:00,0.15,306,63,1591:01:00,-0.41,2650,-0.17,,1603,3363,2277,2587,36,0.84,,29,29,28,39,42752,10,9,11,-0.11,14,13,15,11,10,12,3,3,4,1,0,1,0.32,67,66,68,-1.38,61,45,77,57,53,61,59,56,61,59,56,62,66,64,68,251403,64,62,66,2.42,7.6,-0.04,No,-0.77,96,148799,96,97,-1.82,1,0.54,97251,135504,72,70,74,-1.1,282011,312580,90,90,91,-0.28,7064,257986,2.7,-0.71,226897,63386,3.6,-1.24,8,6,11,-1.32,15,10,5,14,3,1063,45,42,47,-1.84,29,24,33,,,,24,18,31,53,47,59,,,,,,,57,52,61,292,6,0.96,23,-0.81
51155,Virginia,Pulaski,,824,11044,9801,12288,0.14,,,,,,,,,,,,,,,,,,,,,,,,,,,,,4.3,3.4,5.2,-0.27,,10,8,11,0.55,,,,,,,,,,15,8,22,,,,,,,9,8,11,5.9,4.9,7,0.46,18,16,20,-0.4,49,-0.74,,,45,,49,80,-0.79,7.9,-0.36,11,33,3069:01:00,0.59,17,51,1980:01:00,0.69,10,30,3371:01:00,0.56,3460,0.58,,,3769,,3427,48,-0.62,,,44,,48,1609,6,5,8,-0.86,11,8,13,10,8,13,1,0,1,1,0,3,-0.46,83,80,86,0.81,,,,,,,,,,,,,,,,14632,31,27,36,-0.17,6.8,-0.44,Yes,1.29,80,11450,77,82,0.73,2,0.22,4442,7842,57,50,64,0.2,23096,25457,91,89,92,-0.37,480,17152,2.8,-0.66,113785,26090,4.4,-0.26,23,18,29,0.54,,,,,,185,109,93,125,0.31,,,,,,,,,,142,74,249,,,,,,,111,95,128,50,14.8,-0.59,26,-0.4
51157,Virginia,Rappahannock,,114,9336,6432,12241,-0.3,,,,,,,,,,,,,,,,,,,,,,,,,,,,,4.1,3.3,5,-0.56,x,6,4,9,-1.06,,,,,,,,,,,,,,,,,,,,,,5.7,4.6,6.8,0.07,18,16,20,-0.4,50,-0.84,,,62,46,50,39,1.05,8.6,-0.96,2,27,3704:01:00,0.75,8,108,927:01:00,0.45,2,27,3751:01:00,0.65,3261,0.4,,,,,,37,0.71,,,22,,37,512,10,8,11,-0.19,9,4,15,6,2,10,2,0,4,3,0,6,-0.83,69,60,78,-1.07,,,,,,,,,,,,,,,,3425,59,46,71,1.99,6.2,-0.74,Yes,1.29,89,2552,86,92,-0.74,2,0.45,913,1608,57,39,74,0.19,5216,5679,92,89,95,-0.58,98,3793,2.6,-0.84,199296,43546,4.6,0.01,14,9,20,-0.6,,,70,,14,49,133,99,176,1.11,,,,,,,,,,,,,,,,,,,,,,7,9.3,0.37,27,-0.15
51159,Virginia,Richmond,,159,8752,6605,10899,-0.45,,,,,,,,,,,,,7998,5434,11353,,,,,,,,,,9277,6345,13096,,4.5,3.7,5.4,0.06,,10,7,12,0.67,,,,,,,,,,14,8,20,,,,,,,9,6,12,5.8,4.8,6.9,0.23,26,23,28,1.23,50,-0.84,,,41,,51,55,0.31,9,-1.3,1,11,9017:01:00,1.19,17,185,540:01:00,0.11,3,33,3027:01:00,0.46,3947,1.03,,,3153,,4061,51,-0.98,,,51,,51,548,10,8,11,-0.18,7,3,11,7,3,11,0,0,2,0,0,1,-1.31,74,64,83,-0.46,,,,,,,,,,,,,,,,3255,42,29,55,0.69,6,-0.84,No,-0.77,80,2337,73,87,0.71,0,1.08,841,2236,38,29,46,1.84,5280,6851,77,72,82,2.16,126,4020,3.1,-0.38,134000,30200,4.4,-0.16,22,13,30,0.36,,,5,,2,46,102,74,136,0.06,,,,,,,,,,129,75,206,,,,,,,92,59,136,16,17.6,-1.08,24,-0.68
51161,Virginia,Roanoke,,1388,7604,6874,8333,-0.75,,,,,,,,,,,,,12631,9213,16901,,,,,,,,,,7260,6513,8007,,4.1,3.3,5.1,-0.51,,8,7,8,-0.4,6,3,9,,,,12,8,16,13,10,16,,,,,,,7,6,8,5.5,4.5,6.7,-0.26,15,13,17,-0.94,56,-1.42,,44,43,44,56,73,-0.46,8.9,-1.21,120,124,805:01:00,-1.93,320,330,303:01:00,-0.51,101,104,960:01:00,-1.62,2323,-0.47,,,,,,48,-0.62,,36,57,,48,4814,7,6,7,-0.85,9,7,10,8,7,10,1,0,1,0,0,1,-0.91,78,76,80,0.15,,,,66,47,85,74,66,82,77,59,95,74,70,77,45971,27,24,30,-0.53,7.2,-0.24,No,-0.77,89,34886,87,91,-0.7,3,-0.27,16355,23483,70,65,74,-0.92,66005,70378,94,93,95,-0.94,1315,51148,2.6,-0.85,150081,36566,4.1,-0.58,8,5,11,-1.34,,1,20,7,6,425,89,81,98,-0.35,,,,,,,,,,90,59,131,,,,,,,96,87,106,116,12,-0.09,25,-0.53
51163,Virginia,Rockbridge,,402,10446,8524,12368,-0.01,,,,,,,,,,,,,,,,,,,,,,,,,,,,,4.1,3.4,5,-0.5,,7,5,9,-0.72,,,,,,,,,,,,,,,,,,,,,,5.7,4.8,6.9,0.15,18,16,20,-0.34,41,0.04,,,33,,42,57,0.23,8.1,-0.53,21,93,1078:01:00,-1.07,1,4,22358:1,0.89,1,4,22593:1,1.3,1973,-0.79,,,,,,48,-0.62,,,,,,1160,7,6,8,-0.69,9,6,12,8,6,11,1,0,1,0,0,1,-0.82,78,74,82,0.13,,,,,,,,,,,,,,,,10124,40,33,47,0.54,6.5,-0.59,No,-0.77,83,7970,79,87,0.14,2,0.03,2986,4641,64,54,75,-0.46,15463,17002,91,89,93,-0.41,301,11012,2.7,-0.72,126059,30122,4.2,-0.48,15,9,21,-0.51,,,,3,11,101,89,72,107,-0.36,,,,,,,,,,,,,,,,,,,,,,25,11.1,0.07,24,-0.59
51165,Virginia,Rockingham,,1150,7167,6509,7825,-0.87,5836,3938,8331,,,,,,,,,,,,,,,,,,,,,,7310,6589,8031,,4.1,3.3,4.9,-0.62,,6,6,7,-0.98,6,4,8,,,,,,,11,6,16,,,,,,,6,6,7,5.8,4.8,6.8,0.26,17,15,19,-0.61,51,-0.93,,36,37,30,51,57,0.24,8.8,-1.13,21,25,4019:01:00,0.81,28,32,3092:01:00,0.77,16,19,5337:01:00,0.88,3235,0.38,,,2365,,3244,48,-0.62,,,50,27,49,6140,9,8,11,-0.26,10,8,11,7,6,8,2,1,2,1,1,2,-0.71,78,76,80,0.13,,,,,,,75,65,85,75,71,80,76,74,78,41632,27,24,30,-0.51,6.1,-0.79,No,-0.77,85,27323,84,87,-0.14,1,0.65,11612,19945,58,54,63,0.07,50505,58041,87,86,88,0.31,1108,44024,2.5,-0.89,135089,36285,3.7,-1.06,12,8,15,-0.89,,17,25,25,8,318,77,68,85,-0.77,40,21,68,,,,,,,,,,,,,,,,82,73,92,111,13,-0.27,20,-1.23
51167,Virginia,Russell,,649,12093,10542,13645,0.42,,,,,,,,,,,,,,,,,,,,,,,,,,,,,5.3,4.4,6.2,1.22,,9,8,10,0.24,,,,,,,,,,,,,,,,,,,,,,6.5,5.4,7.5,1.35,23,21,25,0.65,46,-0.45,,,,,,49,0.61,7.2,0.24,9,35,2839:01:00,0.52,28,110,910:01:00,0.44,3,12,8483:01:00,1.08,3916,1.01,,,,,,45,-0.26,,,,,,1578,8,7,9,-0.49,9,6,12,8,6,11,0,0,1,1,0,1,-0.87,79,76,83,0.31,,,,,,,,,,,,,,,,8860,44,37,52,0.87,6.6,-0.54,No,-0.77,68,7152,64,73,2.45,1,0.71,3159,5653,56,47,65,0.27,15862,19028,83,81,86,0.99,408,11233,3.6,0.03,100107,20951,4.8,0.26,22,15,29,0.32,,,,,,108,82,67,98,-0.58,,,,,,,,,,,,,,,,,,,,,,21,8.3,0.56,22,-0.92
51169,Virginia,Scott,,522,11806,10081,13531,0.34,,,,,,,,,,,,,,,,,,,,,,,,,,,,,5.1,4.2,6.1,0.98,,7,6,9,-0.5,,,,,,,,,,,,,,,,,,,,,,6.8,5.7,8,1.91,21,19,23,0.21,54,-1.22,,,,,,50,0.54,7,0.41,7,33,3060:01:00,0.59,33,154,649:01:00,0.25,3,14,7159:01:00,1.02,3912,1,,,,,,48,-0.62,,,,,,1106,7,6,8,-0.7,12,9,14,9,7,11,1,0,2,2,1,4,-0.27,87,84,90,1.34,,,,,,,,,,,,,,,,7815,48,40,55,1.12,6.8,-0.44,Yes,1.29,74,6614,71,77,1.6,1,0.49,2747,4731,58,50,67,0.08,13566,16156,84,82,86,0.88,303,9391,3.2,-0.31,99088,17398,5.7,1.41,23,15,30,0.43,,,,32,19,129,120,99,141,0.67,,,,,,,,,,,,,,,,,,,,,,11,5.1,1.11,25,-0.54
51171,Virginia,Shenandoah,,744,8072,7117,9027,-0.63,,,,,,,,,,,,,,,,,,,,,,,,,,,,,4.5,3.6,5.4,0.04,,8,7,9,-0.17,8,5,10,,,,,,,13,6,19,,,,,,,8,7,9,6.1,5.1,7.2,0.76,19,17,21,-0.23,38,0.33,,29,31,26,38,59,0.14,8.2,-0.61,15,34,2983:01:00,0.57,37,82,1222:01:00,0.56,15,33,2998:01:00,0.45,3062,0.22,,,3348,,3098,42,0.11,,38,43,31,42,2990,9,7,10,-0.4,13,11,15,11,9,13,1,1,2,1,0,2,0.01,78,74,81,0.06,,,,,,,,,,74,59,89,77,73,80,20281,46,41,50,0.97,6.4,-0.64,Yes,1.29,85,15075,83,87,-0.06,2,0.46,5500,10277,54,47,60,0.47,28304,31787,89,87,91,-0.06,607,22738,2.7,-0.77,122536,28055,4.4,-0.25,12,8,17,-0.83,,,72,24,19,191,87,74,99,-0.44,63,32,114,,,,,,,,,,,,,,,,91,77,104,66,14.7,-0.56,19,-1.34
51173,Virginia,Smyth,,834,14259,12595,15924,0.98,,,,,,,,,,,,,,,,,,,,,,,,,,,,,5.1,4.2,6,0.9,,9,7,10,0.15,,,,,,,,,,,,,,,,,,,,,,6.4,5.3,7.5,1.17,24,21,26,0.84,47,-0.55,,,27,,47,79,-0.73,7.5,-0.02,15,51,1965:01:00,0.09,66,226,443:01:00,-0.06,16,54,1841:01:00,-0.16,3118,0.27,,,,,,41,0.23,,,,,,1768,8,7,9,-0.55,11,9,13,10,8,12,1,1,2,1,1,2,-0.34,83,80,87,0.8,,,,,,,,,,,,,,,,11713,34,29,38,0.02,6.3,-0.69,No,-0.77,79,9925,77,82,0.79,2,0.24,3381,6573,51,45,58,0.65,18687,21702,86,84,88,0.48,451,14101,3.2,-0.33,99198,21199,4.7,0.14,20,12,27,0.06,,,10,35,19,189,126,108,144,0.88,,,,,,,,,,,,,,,,,,,,,,28,9.5,0.34,23,-0.73
51175,Virginia,Southampton,,360,10093,8175,12012,-0.1,,,,,,,,,,,,,10393,7049,13738,,,,,,,,,,10087,7570,12603,,4.3,3.5,5.2,-0.29,,11,8,13,1.02,,,,,,,,,,16,11,20,,,,,,,8,6,11,5.6,4.6,6.7,-0.08,17,15,19,-0.57,49,-0.74,,,41,,51,33,1.32,8.9,-1.21,4,22,4502:01:00,0.88,,,,-0.1,2,11,8966:01:00,1.1,3496,0.62,,,4207,,3378,44,-0.13,,,50,,43,859,7,6,8,-0.78,11,8,14,8,5,10,2,0,3,2,0,4,-0.41,78,73,83,0.16,,,,,,,92,83,100,,,,73,63,83,7856,52,45,58,1.45,6.4,-0.64,Yes,1.29,83,5743,80,87,0.15,2,0.24,2102,3771,56,47,65,0.28,11530,13300,87,84,89,0.37,237,9260,2.6,-0.86,128268,28830,4.4,-0.15,18,11,25,-0.16,,,18,,5,71,80,62,101,-0.66,,,,,,,,,,56,33,90,,,,,,,92,68,122,20,11.2,0.05,27,-0.26
51177,Virginia,Spotsylvania,,1792,7823,7289,8358,-0.7,5538,4317,6997,,,,,,,,,,8825,7379,10270,,,,,,,,,,8099,7431,8768,,3.8,3.1,4.5,-0.98,,8,7,9,-0.19,8,7,10,,,,10,7,13,12,10,13,,,,8,5,11,7,6,7,5.5,4.6,6.4,-0.24,15,14,17,-0.88,43,-0.16,,47,36,28,44,72,-0.43,9.1,-1.38,69,48,2082:01:00,0.17,185,124,809:01:00,0.38,66,45,2223:01:00,0.11,3880,0.97,,,6030,1279,3579,43,-0.01,,31,40,35,44,9934,8,7,9,-0.53,11,10,13,10,8,11,2,1,2,0,0,0,-0.31,71,69,73,-0.77,,,,71,56,87,58,53,63,61,55,67,67,64,70,70584,51,48,53,1.37,7.1,-0.29,Yes,1.29,95,48620,94,95,-1.59,4,-0.53,25350,37444,68,64,71,-0.75,87674,96629,91,90,92,-0.37,2145,71382,3,-0.49,185836,50407,3.7,-1.1,9,6,13,-1.19,2,19,18,13,7,581,83,76,90,-0.56,35,23,51,,,,,,,70,56,87,,,,,,,99,90,108,87,5.9,0.97,19,-1.3
51179,Virginia,Stafford,,1463,5976,5544,6408,-1.18,4292,3408,5334,,,,,,,,,,7210,6166,8254,,,,,,,,,,5945,5373,6517,,3.6,3,4.4,-1.3,,8,8,8,-0.21,8,7,9,,,,8,6,11,12,10,13,,,,7,5,10,7,6,7,5.1,4.4,6.1,-0.85,15,13,17,-1.05,44,-0.26,,43,35,33,46,84,-0.97,9.5,-1.72,42,26,3830:01:00,0.77,212,128,780:01:00,0.36,58,36,2817:01:00,0.39,3618,0.73,,1458,4531,2898,3517,43,-0.01,,35,40,39,44,8504,6,5,7,-0.96,10,9,11,8,7,9,2,1,2,0,0,1,-0.65,66,64,68,-1.48,,,,69,56,82,61,54,67,59,53,65,66,63,69,80063,54,51,57,1.6,7.2,-0.24,No,-0.77,96,49464,96,97,-1.84,4,-0.53,32199,44071,73,70,77,-1.21,96134,103581,93,92,94,-0.76,2284,77864,2.9,-0.55,227630,66683,3.4,-1.44,7,4,10,-1.5,,5,7,16,2,436,56,50,61,-1.47,28,19,39,,,,45,24,77,53,42,66,,,,,,,66,59,74,90,5.5,1.04,18,-1.49
51181,Virginia,Surry,,142,9578,6678,12478,-0.24,,,,,,,,,,,,,,,,,,,,,,,,,,,,,4.5,3.7,5.5,0.05,,11,8,14,1.08,,,,,,,,,,17,10,23,,,,,,,7,4,10,5.8,4.8,7,0.31,20,18,23,0.1,45,-0.35,,,45,,46,10,2.32,8.4,-0.79,1,15,6530:01:00,1.07,3,46,2198:01:00,0.71,,,,-0.26,3580,0.7,,,1788,,3273,61,-2.2,,,64,,59,313,7,5,8,-0.85,13,8,19,10,6,15,3,0,6,0,0,1,0.13,76,69,84,-0.08,,,,,,,,,,,,,,,,2991,70,57,83,2.91,6.3,-0.69,No,-0.77,77,2112,72,81,1.18,2,0.24,789,1237,64,55,73,-0.41,4428,4921,90,87,93,-0.23,100,3764,2.7,-0.78,135556,25451,5.3,0.95,20,12,27,0.08,,,47,,10,29,90,60,129,-0.34,,,,,,,,,,,,,,,,,,,,,,11,16.9,-0.95,25,-0.45
51183,Virginia,Sussex,,271,11727,9074,14379,0.32,,,,,,,,,,,,,11380,7869,14891,,,,,,,,,,12503,7977,17029,,4.7,3.9,5.6,0.37,,13,10,16,2.17,,,,,,,,,,17,12,21,,,,,,,10,6,13,5.7,4.6,6.8,0.02,22,20,25,0.59,44,-0.26,,,43,,45,27,1.56,7.8,-0.27,3,28,3588:01:00,0.72,2,19,5379:01:00,0.83,2,19,5340:01:00,0.88,2785,-0.04,,,2948,,2700,46,-0.38,,,54,,41,508,8,7,9,-0.56,11,7,14,9,6,13,1,0,3,1,0,2,-0.53,84,78,90,0.94,,,,,,,69,56,82,,,,85,77,94,4252,65,54,76,2.49,6.5,-0.59,No,-0.77,82,3048,78,87,0.32,2,0.24,1577,3415,46,37,56,1.11,6983,8255,85,81,88,0.76,153,3774,4.1,0.37,126754,29556,4.3,-0.35,28,17,38,1.05,,,13,,33,62,113,87,145,0.45,,,,,,,,,,83,54,123,,,,,,,153,105,215,13,12.2,-0.12,28,-0.12
51185,Virginia,Tazewell,,1155,15250,13809,16691,1.24,,,,,,,,,,,,,,,,,,,,,,,,,,,,,5.1,4.2,6.1,0.99,,10,9,11,0.76,,,,,,,,,,,,,,,,,,,,,,6.5,5.4,7.6,1.37,20,18,22,0.02,38,0.33,,48,27,,38,71,-0.4,7,0.41,19,48,2101:01:00,0.18,111,284,352:01:00,-0.31,18,45,2212:01:00,0.11,3498,0.62,,,,,,40,0.35,,,33,,40,2302,8,7,9,-0.54,11,8,13,9,7,11,1,0,1,1,0,2,-0.53,83,79,86,0.72,,,,,,,,,,,,,,,,13866,32,27,37,-0.1,6.5,-0.59,No,-0.77,84,13470,82,87,-0.01,1,0.54,4482,8963,50,44,56,0.78,25252,28920,87,85,90,0.26,623,15511,4,0.34,105540,19932,5.3,0.91,27,20,34,1.02,,,41,62,27,302,150,133,167,1.66,,,,,,,,,,,,,,,,,,,,,,45,11.3,0.03,22,-0.89
51187,Virginia,Warren,,728,9847,8729,10966,-0.17,,,,,,,,,,,,,,,,,,,,,,,,,,,,,4.2,3.4,5.1,-0.37,,7,6,8,-0.79,4,2,7,,,,,,,16,10,22,,,,,,,7,6,7,6.1,5,7.2,0.73,19,17,21,-0.23,36,0.52,,50,28,21,36,82,-0.89,8.2,-0.61,24,59,1705:01:00,-0.12,51,122,820:01:00,0.39,15,36,2763:01:00,0.37,3087,0.24,,,3910,,3034,36,0.84,,15,45,41,36,2888,9,7,10,-0.4,14,11,17,11,8,13,3,1,4,1,0,2,0.19,73,70,77,-0.49,,,,,,,,,,68,62,75,71,68,75,19522,59,53,64,2.01,6.5,-0.59,No,-0.77,92,14121,90,94,-1.16,3,-0.08,6025,10692,56,50,63,0.23,25879,29086,89,87,91,-0.05,608,21302,2.9,-0.62,161357,39564,4.1,-0.61,10,6,15,-1.06,,,9,12,19,199,98,84,112,-0.06,,,,,,,,,,,,,,,,,,,,,,43,10.4,0.19,16,-1.73
51191,Virginia,Washington,,1169,11010,9886,12134,0.14,,,,,,,,,,,,,,,,,,,,,,,,,,,,,4.5,3.7,5.5,0.04,,8,7,9,-0.02,,,,,,,,,,,,,,,,,,,,,,5.9,4.9,7,0.42,18,17,21,-0.25,53,-1.13,,,49,,53,63,-0.01,8.2,-0.61,49,91,1095:01:00,-1.03,132,244,409:01:00,-0.14,39,72,1384:01:00,-0.69,3099,0.25,,,,,,48,-0.62,,,60,,48,2833,7,6,8,-0.68,9,7,10,7,6,9,1,1,2,0,0,1,-0.94,82,80,85,0.72,,,,,,,,,,,,,,,,23291,31,27,35,-0.18,6.6,-0.54,No,-0.77,81,17874,78,83,0.54,1,0.47,7543,11963,63,57,69,-0.35,36326,40309,90,89,91,-0.26,794,26928,2.9,-0.54,121326,26253,4.6,0.07,16,10,21,-0.41,,,35,16,13,250,93,81,104,-0.23,,,,,,,,,,,,,,,,,,,,,,56,10.4,0.19,22,-1.01
51193,Virginia,Westmoreland,,400,10259,8439,12079,-0.06,,,,,,,,,,,,,13118,8880,17355,,,,,,,,,,9975,7774,12177,,5.1,4.2,6.1,0.95,,10,8,12,0.79,11,5,16,,,,,,,12,8,15,,,,,,,9,7,11,6.3,5.3,7.5,1.13,22,20,24,0.46,39,0.23,,,31,22,41,22,1.79,,-0.58,4,21,4683:01:00,0.9,3,16,6338:01:00,0.84,2,11,9356:01:00,1.12,3102,0.25,,,2923,,3155,46,-0.38,,,54,,45,1337,10,8,11,-0.13,17,13,22,15,11,19,2,0,4,1,0,2,1.01,77,72,82,-0.03,,,,,,,78,66,91,,,,66,57,74,7148,58,48,67,1.93,6.2,-0.74,No,-0.77,80,6386,76,83,0.74,4,-0.53,1872,3961,47,37,57,1.01,11924,14171,84,81,87,0.85,314,9610,3.3,-0.28,122396,25259,4.8,0.35,21,13,29,0.24,,,36,,15,100,109,88,131,0.32,,,,,,,,,,92,57,140,,,,,,,128,101,160,35,18.7,-1.27,26,-0.36
51195,Virginia,Wise,,1029,13685,12426,14944,0.83,,,,,,,,,,,,,,,,,,,,,,,,,,,,,5.1,4.3,6.2,1.04,,10,9,11,0.71,,,,,,,,,,,,,,,,,,,,,,6.3,5.2,7.4,1,22,20,25,0.54,48,-0.64,,,45,,48,78,-0.69,6.5,0.83,8,22,4456:01:00,0.87,53,151,664:01:00,0.26,10,28,3542:01:00,0.6,3412,0.54,,,,,,42,0.11,,,,,,2140,8,7,10,-0.47,12,9,16,11,8,13,1,0,1,2,0,4,-0.09,80,77,82,0.36,,,,,,,,,,,,,,,,12314,28,23,33,-0.44,6.7,-0.49,No,-0.77,78,11030,75,82,0.9,1,0.49,5057,9227,55,48,61,0.36,20751,25834,80,78,82,1.55,540,12967,4.2,0.46,91125,21074,4.3,-0.3,20,11,29,0.12,,,,11,21,197,107,92,122,0.25,,,,,,,,,,,,,,,,,,,,,,30,8.5,0.52,27,-0.21
51197,Virginia,Wythe,,710,12205,10680,13730,0.45,,,,,,,,,,,,,,,,,,,,,,,,,,,,,4.7,3.8,5.6,0.37,,9,8,10,0.35,,,,,,,,,,,,,,,,,,,,,,6,4.9,7.1,0.52,16,14,18,-0.71,40,0.13,,,16,,40,71,-0.4,7.5,-0.02,12,43,2348:01:00,0.32,75,267,375:01:00,-0.24,10,36,2811:01:00,0.39,3237,0.38,,,,,,38,0.59,,,28,,38,1575,7,6,8,-0.69,9,6,12,8,5,11,1,0,2,0,0,1,-0.8,83,80,85,0.76,,,,,,,,,,,,,,,,12303,28,23,33,-0.42,6.4,-0.64,Yes,1.29,82,10142,78,86,0.39,1,0.51,3587,6250,57,49,66,0.14,18574,20731,90,88,92,-0.16,432,14514,3,-0.51,104634,22528,4.6,0.1,19,13,26,0.05,,,,30,21,138,97,81,113,-0.1,,,,,,,,,,,,,,,,,,,,,,28,10,0.26,21,-1.05
51199,Virginia,York,,700,5166,4537,5795,-1.39,,,,,,,,,,,,,8206,5923,10490,,,,,,,,,,5202,4459,5944,,3.5,2.8,4.2,-1.5,,8,7,8,-0.41,5,3,7,,,,9,5,13,12,10,14,,,,,,,7,6,8,5,4.1,5.9,-1.15,13,12,15,-1.32,55,-1.32,,53,46,41,57,90,-1.22,9.3,-1.55,82,116,865:01:00,-1.7,99,140,717:01:00,0.31,38,53,1877:01:00,-0.13,1760,-0.99,,468,3263,4963,1593,58,-1.83,,39,55,47,59,3501,6,5,7,-0.95,12,10,14,10,8,12,1,1,2,1,0,1,-0.26,75,73,77,-0.27,,,,63,49,76,81,75,87,80,72,88,70,66,73,35888,29,26,32,-0.33,6.6,-0.54,No,-0.77,93,24720,92,94,-1.39,3,-0.38,15210,18176,84,78,90,-2.13,45895,47964,96,95,97,-1.29,936,34187,2.7,-0.71,190927,52948,3.6,-1.2,7,4,9,-1.52,,9,11,7,4,201,58,50,66,-1.4,,,,,,,,,,45,28,69,,,,,,,69,59,80,55,7.7,0.66,19,-1.37
51510,Virginia,Alexandria City,,1225,4702,4311,5093,-1.51,5197,4217,6178,,,,,,2511,1749,3493,,7623,6612,8633,,,,,,,,,,3523,3018,4029,,3.4,2.7,4.1,-1.6,,7,6,7,-0.74,7,6,8,,,,8,6,9,11,10,12,,,,4,2,6,5,5,6,4.8,3.9,5.7,-1.48,12,11,14,-1.55,50,-0.84,,49,36,38,54,100,-1.67,,-0.58,124,80,1248:01:00,-0.72,766,493,203:01:00,-1.21,143,92,1088:01:00,-1.26,2100,-0.68,,1090,4204,476,1792,41,0.23,,28,35,30,43,10860,8,7,9,-0.51,17,16,19,14,12,15,4,4,5,1,0,1,1.02,50,49,52,-3.57,,,,58,54,62,63,60,67,55,49,60,50,48,53,97528,44,41,47,0.82,7.4,-0.14,,-0.25,94,70667,93,95,-1.44,2,0.18,52151,60680,86,83,89,-2.32,110447,118944,93,92,94,-0.77,2422,103591,2.3,-1.04,224556,53099,4.2,-0.42,13,8,19,-0.69,17,26,20,17,5,325,41,37,46,-1.95,40,30,52,,,,,,,59,47,70,,,,,,,38,32,44,325,20.9,-1.65,44,2.21
51515,Virginia,Bedford City,,,,,,,,,,,,,,,,,,,,,,,,,,,,,,,,,,,,,,,,,,,,,,,,,,,,,,,,,,,,,,,,,,,,,,,,,,,,,,,,,,,,,,,,,,,,,,,,,,,,,,,,,,,,,,,,,,,,,,,,,,,,,,,,,,,,,,,,,,,,,,,,,,,,,,,,,,,,,,,,,,,,,,,,,,,,,,,,,,,,,,,,,,,,,,,,,,,,,,,,,,,,,,,,,,,,,,,,,,,,,,
51520,Virginia,Bristol City,,432,12793,10857,14729,0.6,,,,,,,,,,,,,,,,,,,,,,,,,,,,,5,4.1,5.9,0.76,,9,7,10,0.1,,,,,,,,,,,,,,,,,,,,,,6.3,5.3,7.4,1.1,21,19,23,0.33,51,-0.93,,,39,,51,91,-1.28,6.4,0.92,11,65,1550:01:00,-0.29,23,137,731:01:00,0.32,6,35,2829:01:00,0.4,3766,0.87,,,,,,48,-0.62,,,54,,48,1025,8,7,9,-0.54,15,11,19,13,9,18,1,0,3,0,0,0,0.44,79,73,85,0.28,,,,,,,,,,,,,,,,7230,16,10,22,-1.37,6,-0.84,,-0.25,76,5567,72,80,1.28,8,-2.36,2351,4074,58,47,69,0.11,10947,12224,90,87,92,-0.16,283,7747,3.7,0.04,103528,17567,5.9,1.66,31,21,41,1.48,,,46,51,19,95,112,91,137,0.42,,,,,,,,,,,,,,,,,,,,,,34,20,-1.5,26,-0.3
51530,Virginia,Buena Vista City,,151,13636,10298,16974,0.82,,,,,,,,,,,,,,,,,,,,,,,,,,,,,5,4,6,0.79,,7,5,9,-0.49,,,,,,,,,,,,,,,,,,,,,,6.4,5.1,7.6,1.19,23,20,25,0.63,36,0.52,,,33,,36,85,-1.01,2.4,3,,,,-0.12,5,76,1313:01:00,0.58,5,76,1318:01:00,-0.79,3106,0.26,,,,,,44,-0.13,,,,,,352,7,6,9,-0.68,17,10,24,17,9,25,1,0,3,0,0,1,1.01,79,74,84,0.26,,,,,,,,,,,,,,,,2835,13,7,19,-1.62,,-0.5,,-0.25,88,2293,82,94,-0.53,2,0.03,803,1359,59,43,75,-0.01,3411,4092,83,78,89,0.99,94,3536,2.7,-0.78,97861,23877,4.1,-0.59,18,11,25,-0.09,,,,,,31,96,65,136,-0.13,,,,,,,,,,,,,,,,,,,,,,8,12.1,-0.12,30,0.16
51540,Virginia,Charlottesville City,,496,6526,5737,7316,-1.03,,,,,,,,,,,,,14388,11496,17279,,,,,,,,,,4592,3784,5399,,4.2,3.4,5.1,-0.47,,7,6,8,-0.59,6,3,8,,,,4,2,7,15,12,17,,,,,,,6,5,7,5.4,4.5,6.6,-0.39,19,17,21,-0.21,65,-2.29,,67,53,44,67,100,-1.67,8,-0.44,130,285,351:01:00,-6.36,539,1198,83:01:00,-4.25,45,99,1008:01:00,-1.47,1664,-1.08,,,4062,,1312,59,-1.95,,43,54,57,60,2952,8,7,9,-0.54,20,18,23,19,16,21,2,1,3,1,0,2,1.73,53,50,57,-3.17,,,,59,51,67,74,65,83,54,48,60,71,68,74,23715,14,10,17,-1.56,7,-0.34,,-0.25,90,17721,89,91,-0.86,3,-0.16,11607,13978,83,78,88,-2.07,26919,29058,93,91,94,-0.73,646,26504,2.4,-0.96,166605,22194,7.5,3.68,18,12,24,-0.14,,49,59,30,7,158,68,57,78,-1.07,,,,,,,,,,115,84,153,,,,,,,63,51,77,113,24.9,-2.36,36,1.06
51550,Virginia,Chesapeake City,,3310,7791,7400,8182,-0.7,5433,4314,6752,,,,,,4851,3318,6848,,9897,9075,10719,,,,,,,,,,7162,6662,7661,,3.7,3.1,4.5,-1.1,,9,9,10,0.45,7,6,9,,,,11,8,13,14,13,15,,,,9,7,11,7,6,7,5.6,4.8,6.5,-0.06,16,15,18,-0.67,46,-0.45,,42,42,35,48,94,-1.42,9.1,-1.38,196,78,1282:01:00,-0.66,534,210,475:01:00,0,131,52,1927:01:00,-0.09,3286,0.42,,410,4491,1700,2986,47,-0.5,,40,50,33,47,14428,7,6,8,-0.78,14,13,15,12,11,13,2,1,2,1,0,1,0.24,77,76,79,0.04,,,,65,58,71,73,70,76,69,62,75,78,76,80,123535,39,37,41,0.47,6.8,-0.44,,-0.25,92,84994,91,93,-1.17,3,0.01,51913,71565,73,70,76,-1.17,158721,169871,93,93,94,-0.87,3704,127691,2.9,-0.58,173495,43229,4,-0.69,12,9,16,-0.83,7,10,27,10,5,793,64,60,69,-1.19,39,27,55,,,,,,,63,54,71,,,,,,,72,66,78,226,9,0.44,23,-0.85
51570,Virginia,Colonial Heights City,,417,13353,11455,15252,0.75,,,,,,,,,,,,,16571,12132,22104,,,,,,,,,,13043,10759,15328,,4.1,3.3,4.9,-0.55,,8,7,9,-0.23,8,4,11,,,,,,,13,10,15,,,,,,,6,4,7,5.6,4.6,6.7,-0.05,17,15,19,-0.61,46,-0.45,,44,38,26,48,80,-0.8,8.3,-0.7,23,126,794:01:00,-1.98,47,256,391:01:00,-0.19,43,235,425:01:00,-3,2752,-0.07,,,2848,,2514,42,0.11,,14,47,,43,1038,7,6,8,-0.74,13,10,16,11,8,15,1,0,3,1,0,2,0.1,80,77,83,0.38,,,,,,,68,63,74,,,,80,74,86,8595,35,29,40,0.09,7,-0.34,,-0.25,87,6593,84,91,-0.46,8,-2.36,3315,5011,66,57,76,-0.62,11640,12675,92,90,94,-0.58,275,8804,3.1,-0.39,134205,34167,3.9,-0.8,15,10,21,-0.45,,42,16,4,10,94,106,85,129,0.19,,,,,,,,,,113,66,180,,,,,,,116,90,146,19,10.4,0.19,32,0.52
51580,Virginia,Covington City,,178,15933,12286,19581,1.42,,,,,,,,,,,,,,,,,,,,,,,,,,,,,4.8,4,5.8,0.55,,12,9,14,1.5,,,,,,,,,,,,,,,,,,,,,,6.3,5.2,7.6,1.14,19,17,22,-0.04,52,-1.03,,,38,,52,100,-1.67,7.4,0.07,3,52,1906:01:00,0.05,19,343,292:01:00,-0.57,3,53,1893:01:00,-0.12,2577,-0.23,,,,,,46,-0.38,,,45,,46,311,7,6,8,-0.77,8,4,12,8,3,12,0,0,2,0,0,1,-1.18,86,79,93,1.18,,,,,,,,,,,,,,,,2065,14,7,21,-1.53,6.3,-0.69,,-0.25,82,2042,77,87,0.37,1,0.75,469,1353,35,23,46,2.1,3328,3823,87,82,92,0.31,94,2276,4.1,0.44,86611,22174,3.9,-0.83,25,16,34,0.74,,,,,,38,136,96,186,1.19,,,,,,,,,,,,,,,,,,,,,,17,29.9,-3,26,-0.3
51590,Virginia,Danville City,,1235,17833,16272,19394,1.92,,,,,,,,,,,,,19239,16948,21531,,,,,,,,,,17270,14811,19729,,5.2,4.3,6.2,1.08,,15,14,16,3.1,11,8,15,,,,,,,19,18,21,,,,,,,10,8,12,6.4,5.2,7.6,1.23,27,24,29,1.44,52,-1.03,,62,40,33,55,91,-1.27,7.1,0.32,47,111,898:01:00,-1.58,173,414,242:01:00,-0.87,50,118,845:01:00,-2.04,2294,-0.5,,,3455,,1927,55,-1.47,,63,54,,56,2628,8,7,10,-0.45,17,15,20,16,13,18,2,1,3,1,0,1,1.02,77,73,80,-0.02,,,,,,,76,71,82,83,70,95,89,87,92,16006,19,16,23,-1.11,7.4,-0.14,,-0.25,76,14169,73,79,1.27,2,0.3,4681,10013,47,41,53,1.06,24853,29233,85,83,87,0.68,877,19192,4.6,0.8,90959,16754,5.4,1.08,29,18,40,1.25,,4,39,66,27,291,142,126,158,1.4,,,,,,,,,,120,99,141,,,,,,,183,154,213,79,18.7,-1.27,30,0.22
51595,Virginia,Emporia City,,169,21098,16385,25810,2.77,,,,,,,,,,,,,,,,,,,,,,,,,,,,,5.2,4.3,6.2,1.19,,13,10,16,1.93,,,,,,,,,,,,,,,,,,,,,,6.3,5.2,7.5,1.06,28,26,31,1.78,46,-0.45,,,41,,50,96,-1.48,8.2,-0.61,,,,-0.12,25,458,219:01:00,-1.06,5,91,1096:01:00,-1.24,2865,0.03,,,3922,,1448,43,-0.01,,,45,,41,355,8,7,10,-0.43,15,9,22,15,8,22,0,0,2,0,0,2,0.53,79,69,89,0.3,,,,,,,80,71,89,,,,86,79,92,2164,28,18,38,-0.45,6.4,-0.64,,-0.25,84,1859,77,91,0.09,2,0.35,563,1246,45,30,60,1.19,2759,3643,76,68,84,2.4,106,2311,4.6,0.81,111525,24542,4.5,-0.03,33,20,46,1.78,,,15,,22,34,127,88,177,0.89,,,,,,,,,,123,76,188,,,,,,,165,85,289,13,23.7,-2.15,35,0.91
51600,Virginia,Fairfax City,,314,7714,6510,8918,-0.72,,,,,,,,,,,,,,,,,,,,,,,,,,,,,3.4,2.7,4.2,-1.6,,6,5,7,-1.15,7,5,8,,,,6,5,8,9,6,12,,,,,,,5,4,6,4.6,3.7,5.5,-1.79,15,13,16,-1.07,53,-1.13,,56,42,44,53,100,-1.67,9.2,-1.47,2,8,12138:1,1.27,558,2219,45:01:00,-8.64,,,,-0.26,1643,-1.1,,1045,2093,2044,1637,37,0.71,,33,35,22,39,1857,9,7,10,-0.36,16,13,19,15,12,18,4,2,5,0,0,0,0.8,57,52,62,-2.67,,,,70,62,77,76,70,82,65,61,70,75,72,78,12842,48,42,54,1.12,7.5,-0.09,,-0.25,96,8821,94,99,-1.83,2,0.2,5267,6402,82,74,91,-2.01,14905,16231,92,89,95,-0.58,323,13266,2.4,-0.96,245539,50507,4.9,0.37,7,4,10,-1.47,,4,,16,6,98,81,66,99,-0.63,60,32,102,,,,78,46,123,185,98,316,,,,,,,80,60,105,58,23.4,-2.09,29,-0.01
51610,Virginia,Falls Church City,,139,6199,4606,7792,-1.12,,,,,,,,,,,,,,,,,,,,,,,,,,,,,2.8,2.2,3.5,-2.51,,6,5,7,-1.15,12,8,17,,,,7,3,11,,,,,,,,,,4,3,6,4.4,3.5,5.4,-2.02,10,9,11,-2.08,59,-1.71,,63,38,51,59,100,-1.67,,-0.58,43,297,337:01:00,-3,244,1662,60:01:00,-3,51,350,286:01:00,-3,1530,-1.2,,3769,,,1058,41,0.23,,38,,32,42,480,4,3,5,-1.43,14,10,18,10,6,14,4,2,5,1,0,2,0.23,52,48,55,-3,,,,59,47,70,,,,65,51,78,58,51,66,7773,36,28,43,0.17,7.3,-0.19,,-0.25,98,5912,96,99,-2.03,7,-2,3444,3695,93,84,100,-2.95,9586,9845,97,96,98,-1.6,206,8810,2.3,-1.04,,,,-0.03,4,2,6,-1.86,,,,,,43,59,43,79,-1.36,124,59,227,,,,,,,,,,,,,,,,46,30,69,18,12.3,-0.15,24,-0.59
51620,Virginia,Franklin City,,268,19349,15778,22919,2.31,,,,,,,,,,,,,24666,19313,30018,,,,,,,,,,14523,9798,20732,,4.9,3.8,6.1,0.62,,13,11,15,2.05,,,,,,,,,,17,14,20,,,,,,,7,5,10,6.2,4.8,7.6,0.85,23,20,26,0.73,52,-1.03,,,37,,57,98,-1.58,5.6,1.6,9,110,913:01:00,-1.53,21,252,397:01:00,-0.17,5,61,1649:01:00,-0.34,4522,1.57,,,6442,,3609,50,-0.86,,,46,,51,462,7,6,8,-0.71,20,12,27,16,10,22,3,0,8,2,0,4,1.54,86,80,92,1.19,,,,,,,87,76,99,,,,83,77,89,3512,29,19,38,-0.35,6.3,-0.69,,-0.25,90,3052,85,95,-0.87,2,0.24,1158,1911,61,46,76,-0.14,4731,5588,85,80,89,0.75,136,3544,3.8,0.19,124125,30018,4.1,-0.54,31,19,43,1.48,,,,,,48,119,88,158,0.65,,,,,,,,,,120,79,174,,,,,,,138,86,212,11,13.3,-0.33,37,1.13
51630,Virginia,Fredericksburg City,,397,10345,8992,11698,-0.04,,,,,,,,,,,,,13262,10205,16319,,,,,,,,,,10081,8273,11890,,4.1,3.3,4.9,-0.59,,10,8,11,0.52,8,5,10,,,,9,4,14,15,12,17,,,,14,7,21,7,5,8,5.5,4.5,6.6,-0.21,19,17,21,-0.21,47,-0.55,,47,32,39,50,100,-1.67,7.9,-0.36,50,176,567:01:00,-3.37,249,861,116:01:00,-2.8,59,205,487:01:00,-4.58,3943,1.03,,,7203,1428,3240,40,0.35,,38,37,42,41,2021,9,7,10,-0.38,18,14,22,16,12,19,2,1,4,1,0,2,1.22,65,61,70,-1.6,,,,63,53,74,77,72,82,74,62,86,81,78,84,14607,42,35,48,0.66,7,-0.34,,-0.25,92,10523,90,94,-1.16,4,-0.53,5235,7357,71,63,79,-1.05,15639,16880,93,90,95,-0.73,503,14788,3.4,-0.16,177527,32729,5.4,1.07,19,12,27,0.05,,2,54,8,26,130,90,74,105,-0.33,,,,,,,,,,93,63,132,,,,,,,104,83,128,46,16,-0.8,26,-0.36
51640,Virginia,Galax City,,230,19228,15530,22926,2.28,,,,,,,,,,,,,,,,,,,,,,,,,,,,,5.4,4.4,6.4,1.39,,13,11,16,2.29,9,5,14,,,,,,,,,,,,,,,,15,12,18,6.5,5.3,7.7,1.32,25,23,28,1.11,28,1.29,,,9,36,28,98,-1.6,7.5,-0.02,,,,-0.12,62,923,108:01:00,-3,8,119,841:01:00,-2.05,2667,-0.15,,,,,,44,-0.13,,,35,,45,549,10,8,12,-0.11,10,5,16,9,3,14,2,0,4,0,0,1,-0.59,80,73,87,0.4,,,,,,,,,,,,,,,,2835,19,11,26,-1.17,6.4,-0.64,,-0.25,87,2363,82,91,-0.34,2,0.41,736,1238,59,48,71,-0.04,3705,4462,83,77,89,1.05,112,2902,3.9,0.21,111779,17017,6.6,2.5,29,18,40,1.22,,,81,34,23,43,132,96,178,1.09,,,,,,,,,,,,,,,,,,,,,,11,16.3,-0.86,28,-0.09
51650,Virginia,Hampton City,,2362,10727,10091,11362,0.06,4708,3220,6647,,,,,,,,,,11879,10922,12835,,,,,,,,,,10358,9344,11372,,4.3,3.6,5.2,-0.18,,10,10,11,0.88,9,7,10,,,,10,7,14,13,12,14,,,,6,4,9,7,6,8,5.9,5.1,6.9,0.48,18,17,20,-0.27,44,-0.26,,43,39,35,48,80,-0.8,8.3,-0.7,51,37,2701:01:00,0.47,531,387,258:01:00,-0.76,139,101,993:01:00,-1.52,2304,-0.49,,766,2302,2772,2253,50,-0.86,,36,54,41,49,6695,6,5,7,-0.94,19,17,20,17,15,19,2,1,2,0,0,1,1.3,78,76,80,0.09,,,,77,66,89,76,72,79,78,69,87,82,80,85,67605,27,24,29,-0.53,6,-0.84,,-0.25,91,52809,91,92,-1.08,2,0.39,26651,38634,69,65,73,-0.86,86281,93055,93,92,94,-0.74,2469,66324,3.7,0.1,125679,29700,4.2,-0.42,19,12,25,-0.04,,1,27,15,13,616,91,83,98,-0.31,38,22,62,,,,,,,84,74,94,,,,,,,117,103,130,126,9.1,0.41,26,-0.3
51660,Virginia,Harrisonburg City,,412,5914,5141,6686,-1.19,4631,3378,6196,,,,,,,,,,10431,6986,14980,,,,,,,,,,6011,5015,7007,,5,4.1,6,0.74,,8,7,8,-0.41,7,6,8,,,,9,4,15,11,8,14,,,,,,,7,6,8,6,4.9,7.2,0.59,22,20,25,0.59,59,-1.71,,51,39,26,60,99,-1.61,7.9,-0.36,69,134,745:01:00,-2.21,370,724,138:01:00,-2.21,73,143,701:01:00,-2.75,2293,-0.5,,,3090,900,2202,51,-0.98,,33,36,11,52,5158,13,11,15,0.59,21,18,24,17,14,20,3,2,5,1,1,2,1.9,69,65,73,-1.12,,,,54,36,72,65,54,75,65,63,67,80,78,83,23703,14,11,16,-1.56,6.8,-0.44,,-0.25,83,14470,80,87,0.13,1,0.65,7651,12136,63,57,69,-0.35,21767,26146,83,81,86,1.01,899,25665,3.5,-0.08,121763,23494,5.2,0.77,17,10,24,-0.25,9,,47,24,12,130,49,41,58,-1.68,33,19,52,,,,,,,54,27,97,,,,,,,57,46,69,74,14.5,-0.53,29,0.01
51670,Virginia,Hopewell City,,642,19635,17547,21722,2.39,,,,,,,,,,,,,20237,17105,23369,,,,,,,,,,21934,18396,25472,,5.4,4.5,6.3,1.4,,15,13,16,2.92,7,3,10,,,,,,,20,18,22,,,,,,,10,8,12,6.7,5.6,7.9,1.72,27,24,29,1.47,42,-0.06,,40,33,31,46,90,-1.23,6.7,0.66,7,30,3306:01:00,0.66,35,154,650:01:00,0.25,13,57,1766:01:00,-0.23,4476,1.52,,,4758,,4666,42,0.11,,28,46,,43,1397,7,6,9,-0.66,21,16,25,19,15,23,3,1,5,0,0,1,1.77,81,76,86,0.54,,,,,,,77,64,89,,,,84,77,91,9544,40,32,47,0.49,6.9,-0.39,,-0.25,86,8061,81,90,-0.19,2,0.36,3490,5787,60,50,71,-0.11,13099,14936,88,85,90,0.19,442,9961,4.4,0.69,101215,18897,5.4,0.99,33,22,43,1.67,,,47,28,26,203,179,154,203,2.63,,,,,,,,,,157,124,196,,,,,,,227,185,269,26,11.3,0.02,36,0.99
51678,Virginia,Lexington City,,59,5114,3242,7674,-1.4,,,,,,,,,,,,,,,,,,,,,,,,,,,,,4,3.3,4.9,-0.64,,6,5,8,-0.91,,,,,,,,,,,,,,,,,,,,,,5.6,4.6,6.8,-0.06,15,13,16,-1.07,48,-0.64,,,30,,48,100,-1.67,8.1,-0.53,,,,-0.12,64,850,118:01:00,-2.75,16,215,466:01:00,-3,2134,-0.64,,,,,,49,-0.74,,,42,,49,151,4,3,5,-1.39,21,12,30,19,10,28,0,0,2,2,0,6,1.85,54,45,63,-3,,,,,,,,,,,,,,,,2805,19,7,31,-1.12,,-0.5,,-0.25,89,1838,71,100,-0.74,2,0.03,834,972,86,66,100,-2.31,3117,3251,96,94,98,-1.33,103,2327,4.4,0.68,129484,23284,5.6,1.24,11,7,15,-1,,,,,,23,63,40,94,-1.24,,,,,,,,,,,,,,,,,,,,,,17,22.8,-1.99,25,-0.45
51680,Virginia,Lynchburg City,,1257,11251,10371,12131,0.2,,,,,,,,,,,,,17218,15185,19251,,,,,,,,,,9169,8140,10197,,4.5,3.7,5.4,0.1,,8,8,9,-0.01,8,5,10,,,,10,6,14,15,14,16,,,,,,,6,5,6,6,4.9,7,0.5,17,15,19,-0.61,57,-1.51,,48,46,43,59,98,-1.6,7.7,-0.19,100,127,790:01:00,-2,601,756,132:01:00,-2.34,91,115,871:01:00,-1.93,2637,-0.18,,,3424,,2429,38,0.59,,43,37,,38,4069,7,6,8,-0.74,15,13,17,13,11,15,2,1,3,0,0,1,0.48,70,67,73,-0.92,,,,60,45,75,75,70,79,67,57,76,82,79,84,35949,11,9,13,-1.74,5.4,-1.14,,-0.25,92,26460,91,94,-1.2,2,0.2,13553,18985,71,66,76,-1.07,40271,44536,90,89,92,-0.32,1533,36252,4.2,0.52,114436,26044,4.4,-0.22,23,15,30,0.43,,6,38,22,9,374,93,83,102,-0.24,,,,,,,,,,111,91,130,,,,,,,92,80,104,133,16.8,-0.93,21,-1.04
51683,Virginia,Manassas City,,501,8307,7359,9256,-0.57,7847,6397,9297,,,,,,,,,,12490,9251,15729,,,,,,,,,,8785,7047,10524,,3.9,3.2,4.8,-0.81,,8,7,8,-0.32,7,6,8,,,,9,6,12,10,7,12,,,,,,,8,6,9,5.1,4.1,6.3,-0.83,17,15,19,-0.57,46,-0.45,,50,38,37,48,100,-1.67,9.6,-1.81,41,96,1042:01:00,-1.15,162,379,264:01:00,-0.72,52,122,820:01:00,-2.14,2359,-0.44,,796,2458,1794,2424,35,0.96,,26,34,21,38,5255,14,12,16,0.76,17,14,20,14,11,16,4,2,6,1,1,2,0.93,69,66,73,-1.02,,,,71,63,78,81,71,91,70,65,76,77,73,82,22127,53,48,59,1.57,7.4,-0.14,,-0.25,96,13441,94,97,-1.74,1,0.54,7044,12682,56,50,61,0.3,22571,27629,82,79,84,1.3,558,22325,2.5,-0.91,209693,59277,3.5,-1.29,19,14,24,-0.01,,,15,11,5,139,67,55,78,-1.11,37,25,53,,,,,,,124,86,172,,,,,,,88,69,111,44,10.3,0.2,29,0.01
51685,Virginia,Manassas Park City,x,,,,,0,,,,,,,,,,,,,,,,,,,,,,,,,,,,,4.3,3.5,5.1,-0.29,x,9,5,13,0.19,,,,,,,,,,,,,,,,,,,,,,5.3,4.3,6.4,-0.6,21,19,24,0.35,,-0.65,,,,,,100,-1.67,8.4,-0.79,,,,-0.12,,,,-0.1,,,,-0.26,,-0.08,,,,,,,-0.43,,,,,,2097,14,12,16,0.78,20,12,27,15,9,21,7,1,13,0,0,1,1.56,69,63,76,-1.01,,,,,,,,,,60,47,73,78,67,89,9604,60,50,70,2.08,7.3,-0.19,,-0.25,94,4857,91,97,-1.48,1,0.8,2576,5632,46,38,54,1.14,8817,11178,79,74,84,1.82,257,10066,2.6,-0.86,168696,59132,2.9,-2.14,14,8,19,-0.67,69,,,15,11,24,28,18,41,-2.4,28,13,51,,,,,,,,,,,,,,,,42,21,76,4,2.4,1.59,38,1.32
51690,Virginia,Martinsville City,,480,19661,17035,22287,2.39,,,,,,,,,,,,,20067,16283,23851,,,,,,,,,,21963,17545,26380,,5.1,4.1,6.1,0.97,,12,10,13,1.55,8,4,12,,,,,,,16,14,19,,,,,,,9,7,11,6.4,5.2,7.6,1.22,25,23,28,1.21,38,0.33,,,30,,40,82,-0.86,6.3,1.01,,,,-0.12,71,516,194:01:00,-1.31,,,,-0.26,3098,0.25,,,3750,,2979,49,-0.74,,,52,,49,850,8,6,9,-0.57,19,14,25,19,13,25,0,0,1,1,0,1,1.47,78,73,83,0.14,,,,,,,88,81,95,,,,89,82,95,5309,20,13,26,-1.07,7.2,-0.24,,-0.25,82,4633,77,88,0.29,2,0.44,1674,2986,56,46,66,0.25,7531,8749,86,83,89,0.49,266,5627,4.7,0.93,91952,17443,5.3,0.88,30,18,41,1.31,,,25,34,18,122,188,154,221,2.92,,,,,,,,,,143,103,193,,,,,,,275,217,344,36,26.2,-2.59,24,-0.61
51700,Virginia,Newport News City,,3036,10686,10160,11212,0.05,6302,5013,7590,,,,,,,,,,14183,13243,15124,,,,,,,,,,8742,8004,9481,,4.3,3.6,5.1,-0.24,,10,10,11,0.92,8,7,9,,,,8,6,11,14,13,15,,,,10,7,12,7,6,8,5.9,5,6.8,0.41,19,17,21,-0.11,48,-0.64,,50,38,32,52,100,-1.65,8,-0.44,105,57,1758:01:00,-0.08,407,222,450:01:00,-0.05,146,79,1262:01:00,-0.89,2304,-0.49,,793,3277,506,1967,49,-0.74,,40,48,39,51,10581,7,6,8,-0.72,19,17,20,16,14,18,2,2,3,2,1,2,1.37,74,73,76,-0.36,,,,75,70,81,75,72,77,72,68,76,83,81,85,91378,30,28,32,-0.25,6.7,-0.49,,-0.25,91,68717,90,92,-0.96,1,0.55,36814,54448,68,64,71,-0.74,110542,120364,92,91,93,-0.58,3095,90964,3.4,-0.16,123553,29042,4.3,-0.39,23,16,29,0.43,,7,30,21,8,848,94,87,100,-0.21,55,41,73,,,,,,,102,92,113,,,,,,,103,93,114,185,10,0.25,28,-0.07
51710,Virginia,Norfolk City,,4052,11579,11089,12069,0.28,6833,5502,8165,,,,,,3756,2601,5249,,16998,16050,17947,,,,,,,,,,7837,7264,8410,,4.5,3.7,5.2,-0.01,,11,11,11,1.19,9,8,10,,,,10,8,12,16,15,17,,,,11,9,14,7,6,7,5.9,5.1,6.7,0.33,19,18,21,-0.06,44,-0.26,,39,34,33,48,92,-1.33,7.7,-0.19,233,99,1009:01:00,-1.24,757,328,305:01:00,-0.5,238,102,979:01:00,-1.56,3396,0.52,,1249,5049,2860,2737,47,-0.5,,36,44,42,48,14608,8,7,9,-0.5,20,19,21,18,17,19,2,2,3,1,0,1,1.59,72,71,73,-0.72,80,64,96,75,70,80,74,72,77,76,73,79,81,80,82,125216,27,26,29,-0.48,6.1,-0.79,,-0.25,87,82484,86,88,-0.45,1,0.76,51877,73632,70,68,73,-0.99,136094,151855,90,89,90,-0.17,3825,113430,3.4,-0.19,125900,27327,4.6,0.05,25,19,31,0.76,57,16,39,26,8,1159,97,91,102,-0.1,42,30,56,,,,29,15,49,121,111,131,,,,,,,94,86,103,257,11,0.08,34,0.78
51720,Virginia,Norton City,,131,21701,15914,27489,2.93,,,,,,,,,,,,,,,,,,,,,,,,,,,,,5.2,4.3,6.2,1.18,,10,7,14,0.89,,,,,,,,,,,,,,,,,,,,,,6.5,5.4,7.8,1.47,23,20,25,0.63,48,-0.64,,,,,,93,-1.34,4.8,2.28,3,82,1222:01:00,-0.76,17,487,205:01:00,-1.19,5,139,722:01:00,-2.63,2472,-0.33,,,,,,39,0.47,,,,,,174,6,5,7,-0.98,13,3,22,12,1,22,1,0,3,1,0,3,-0.04,61,49,73,-2.13,,,,,,,,,,,,,,,,1431,15,4,25,-1.48,6.4,-0.64,,-0.25,78,1212,70,86,0.97,,0.14,650,978,66,51,82,-0.64,2391,2589,92,89,95,-0.67,67,1624,4.1,0.43,98111,12853,7.6,3,30,18,41,1.32,,,,,,27,141,93,205,1.36,,,,,,,,,,,,,,,,,,,,,,0,0,2.01,32,0.5
51730,Virginia,Petersburg City,,1222,24086,22160,26013,3.55,,,,,,,,,,,,,23870,21600,26140,,,,,,,,,,31781,26511,37051,,5,4.1,6,0.77,,12,11,13,1.55,6,4,9,,,,,,,14,13,15,,,,,,,8,7,10,6.3,5.2,7.5,1.06,24,22,27,0.94,41,0.04,,33,37,,46,94,-1.39,5.4,1.77,22,66,1520:01:00,-0.32,199,597,167:01:00,-1.66,26,78,1284:01:00,-0.85,3735,0.84,,,4532,,2695,48,-0.62,,36,51,,44,1996,8,6,9,-0.63,23,19,27,22,18,26,1,0,2,1,0,2,2.33,74,70,79,-0.36,,,,,,,74,67,82,,,,89,88,89,14210,34,28,40,0.03,6.9,-0.39,,-0.25,83,12342,80,86,0.19,1,0.7,5107,9294,55,47,63,0.35,19927,22917,87,85,89,0.33,708,13010,5.4,1.52,95284,18348,5.2,0.78,32,18,45,1.54,,,32,37,2,325,203,181,225,3.43,,,,,,,,,,196,172,221,,,,,,,300,234,377,49,14.7,-0.56,30,0.27
51735,Virginia,Poquoson City,,147,7082,5338,8827,-0.89,,,,,,,,,,,,,,,,,,,,,,,,,,,,,3.6,2.8,4.4,-1.33,,5,3,6,-1.74,,,,,,,,,,,,,,,,,,,,,,5.3,4.3,6.4,-0.52,12,11,14,-1.55,55,-1.32,,54,,,56,96,-1.48,8.6,-0.96,10,80,1257:01:00,-0.7,10,79,1264:01:00,0.57,8,64,1573:01:00,-0.43,3172,0.32,,,,,,55,-1.47,,64,,,55,505,5,4,6,-1.19,10,6,13,10,6,14,0,0,1,0,0,1,-0.73,82,77,87,0.7,,,,,,,,,,,,,,,,6442,34,26,41,0.01,6.4,-0.64,,-0.25,93,4347,90,96,-1.37,5,-0.96,2213,2941,75,63,88,-1.4,8544,8793,97,96,98,-1.57,164,6553,2.5,-0.91,188176,52722,3.6,-1.25,7,4,9,-1.53,,,,44,9,40,65,46,88,-1.17,,,,,,,,,,,,,,,,,,,,,,8,6.4,0.89,18,-1.54
51740,Virginia,Portsmouth City,,2214,15223,14327,16119,1.24,8288,5632,11765,,,,,,,,,,17973,16643,19303,,,,,,,,,,12312,10974,13651,,4.6,3.8,5.4,0.19,,12,11,13,1.67,8,6,10,,,,,,,15,14,16,,,,15,11,19,8,7,8,6,5.1,7,0.61,21,19,24,0.31,44,-0.26,,38,38,25,49,93,-1.35,8.2,-0.61,59,60,1658:01:00,-0.17,337,348,287:01:00,-0.59,170,175,571:01:00,-3.7,2202,-0.58,,2582,2083,,2186,45,-0.26,,44,46,37,45,5494,7,6,8,-0.74,21,19,23,20,17,22,2,1,3,1,0,1,1.86,73,70,76,-0.53,,,,77,73,80,73,68,77,77,68,86,84,83,86,44729,32,29,35,-0.12,6.8,-0.44,,-0.25,87,34713,86,89,-0.48,1,0.49,18056,28806,63,58,67,-0.32,58767,65871,89,88,90,-0.09,1657,45365,3.7,0.04,114511,24028,4.8,0.25,25,16,34,0.74,25,,29,40,10,656,137,126,147,1.24,54,29,93,,,,,,,149,135,164,,,,,,,138,120,155,82,8.5,0.53,31,0.38
51750,Virginia,Radford City,,192,8739,7040,10438,-0.46,,,,,,,,,,,,,,,,,,,,,,,,,,,,,5.1,4.1,6.1,0.94,,10,8,11,0.57,,,,,,,,,,18,11,25,,,,,,,9,7,11,6.5,5.3,7.6,1.32,19,17,21,-0.19,59,-1.71,,,55,,59,77,-0.65,6.1,1.18,9,55,1833:01:00,-0.01,44,259,386:01:00,-0.21,13,78,1288:01:00,-0.84,3118,0.27,,,,,,51,-0.98,,,57,,51,699,6,4,7,-0.98,21,16,26,20,14,26,1,0,3,1,0,2,1.87,76,73,80,-0.1,,,,,,,,,,,,,,,,7797,19,13,24,-1.15,6.7,-0.49,,-0.25,89,4868,85,92,-0.63,3,-0.23,2630,3161,83,71,96,-2.09,6896,7396,93,91,95,-0.84,335,9309,3.6,0,110444,13219,8.4,3,18,12,24,-0.14,,,82,,16,45,51,37,68,-1.62,,,,,,,,,,,,,,,,,,,,,,22,13.1,-0.3,28,-0.12
51760,Virginia,Richmond City,,4066,12130,11607,12652,0.43,9288,7697,10880,,,,,,,,,,19751,18720,20781,,,,,,,,,,5463,4957,5969,,4.3,3.6,5.2,-0.19,,11,11,11,1.23,7,6,8,,,,9,6,11,16,16,17,,,,8,5,12,5,5,6,6,5.1,6.9,0.58,21,19,23,0.19,53,-1.13,,50,40,33,59,91,-1.28,7.9,-0.36,240,106,944:01:00,-1.43,1200,523,191:01:00,-1.34,349,152,657:01:00,-3.02,2621,-0.19,,501,3666,1295,2056,49,-0.74,,35,50,26,49,15679,9,7,10,-0.41,21,20,23,20,18,21,2,1,2,1,1,1,1.9,65,63,67,-1.62,,,,69,64,73,74,71,76,64,59,69,75,74,77,120806,22,20,24,-0.9,7.2,-0.24,,-0.25,85,86745,84,86,-0.09,2,0.29,59149,79820,74,71,77,-1.3,143692,160965,89,88,90,-0.1,4365,124807,3.5,-0.09,134977,23341,5.8,1.52,28,20,35,1.05,,63,39,26,7,1515,132,125,139,1.07,91,72,113,,,,,,,188,177,200,,,,,,,84,76,92,316,13.8,-0.41,34,0.79
51770,Virginia,Roanoke City,,2494,15725,14834,16617,1.37,7427,5352,10038,,,,,,,,,,18200,16357,20043,,,,,,,,,,15825,14635,17015,,4.8,4,5.7,0.5,,10,10,11,0.88,7,6,9,,,,8,4,11,15,14,17,,,,6,3,10,9,8,9,6.7,5.7,7.7,1.68,22,20,24,0.42,54,-1.22,,50,41,50,56,97,-1.55,7.7,-0.19,109,110,907:01:00,-1.55,434,447,224:01:00,-1.01,75,77,1305:01:00,-0.81,2510,-0.3,,,3945,4221,2237,46,-0.38,,26,47,25,46,6690,9,7,10,-0.42,17,15,19,16,14,18,2,1,2,1,0,1,1.03,76,74,79,-0.11,,,,78,69,88,70,65,75,76,68,84,87,85,89,45604,20,17,23,-1.05,7.1,-0.29,,-0.25,84,36494,82,86,0.05,3,-0.36,16447,27523,60,55,64,-0.07,61861,69050,90,88,91,-0.16,1607,50330,3.2,-0.34,107966,20371,5.3,0.92,26,18,35,0.9,,25,35,49,15,831,168,157,179,2.27,50,29,80,,,,,,,146,126,165,,,,,,,203,187,220,162,16.6,-0.89,35,0.85
51775,Virginia,Salem City,,533,10541,9097,11985,0.01,,,,,,,,,,,,,18255,12131,26384,,,,,,,,,,10331,8760,11902,,4.1,3.3,5,-0.5,,8,7,9,-0.19,9,4,13,,,,,,,11,6,16,,,,,,,7,6,9,5.7,4.6,6.8,0.1,15,13,17,-0.99,54,-1.22,,,47,,54,90,-1.24,8.4,-0.79,35,138,725:01:00,-2.31,225,879,114:01:00,-2.87,36,141,709:01:00,-2.7,2210,-0.57,,,1360,,2232,49,-0.74,,,51,,49,1040,6,5,6,-1.06,13,10,16,11,8,15,2,1,3,1,0,1,0.03,77,73,81,-0.04,,,,,,,76,65,87,46,33,59,83,79,88,12361,18,14,22,-1.2,5.9,-0.89,,-0.25,90,9082,87,92,-0.8,3,-0.12,4093,5874,70,61,78,-0.92,16254,17252,94,93,95,-1.02,390,13249,2.9,-0.54,131681,31088,4.2,-0.41,13,9,17,-0.76,,,31,35,14,156,123,103,142,0.76,,,,,,,,,,130,69,223,,,,,,,130,108,152,39,15.3,-0.67,29,0.08
51790,Virginia,Staunton City,,470,8560,7320,9800,-0.5,,,,,,,,,,,,,10238,6747,14896,,,,,,,,,,8495,7102,9887,,4.3,3.4,5.2,-0.33,,8,7,10,0,,,,,,,,,,14,9,18,,,,,,,8,7,9,5.8,4.7,6.9,0.23,18,16,20,-0.34,58,-1.61,,62,48,,58,99,-1.61,8.6,-0.96,12,47,2138:01:00,0.2,202,779,128:01:00,-2.45,21,81,1234:01:00,-0.94,1984,-0.78,,,2512,,1916,51,-0.98,,,50,,51,1419,7,6,9,-0.7,15,12,19,13,10,16,2,1,3,2,1,3,0.57,78,74,82,0.08,,,,,,,87,75,98,,,,81,77,84,11903,26,22,31,-0.55,6.5,-0.59,,-0.25,84,9501,80,87,0.11,4,-0.51,4559,6803,67,59,75,-0.69,17276,18446,94,92,95,-0.92,338,12866,2.6,-0.8,119705,26659,4.5,-0.1,17,10,23,-0.31,,,48,51,10,95,75,61,92,-0.82,,,,,,,,,,,,,,,,,,,,,,55,21.2,-1.71,32,0.56
51800,Virginia,Suffolk City,,1509,9290,8584,9997,-0.31,,,,,,,,,,,,,11336,10159,12513,,,,,,,,,,8298,7301,9295,,4,3.2,4.8,-0.78,,10,9,10,0.54,6,4,9,,,,9,5,13,14,13,15,,,,10,5,14,6,5,7,5.7,4.7,6.8,0.03,17,16,20,-0.46,46,-0.45,,48,38,25,50,83,-0.93,9.2,-1.47,74,77,1300:01:00,-0.63,177,176,569:01:00,0.15,49,50,2011:01:00,-0.03,3457,0.58,,,4442,,2810,51,-0.98,,27,50,,52,5184,6,5,7,-0.88,14,12,16,12,11,14,2,1,3,1,0,1,0.31,81,80,83,0.58,,,,80,67,94,74,70,79,68,60,77,82,79,85,46854,50,47,53,1.34,6.7,-0.49,,-0.25,89,33036,88,90,-0.7,1,0.75,19123,26237,73,69,77,-1.2,60684,66126,92,91,93,-0.57,1449,46999,3.1,-0.43,160650,38252,4.2,-0.46,15,10,20,-0.51,,4,24,13,5,326,69,62,77,-1.02,,,,,,,,,,70,58,82,,,,,,,79,67,90,105,10.7,0.14,23,-0.76
51810,Virginia,Virginia Beach City,,5256,6864,6591,7138,-0.95,5192,4384,6000,,,,,,2725,2070,3379,,9685,8954,10416,,,,,,,,,,6662,6316,7007,,3.9,3.3,4.6,-0.82,,8,8,9,0.03,8,8,9,,,,9,8,10,14,14,15,,,,9,8,11,6,6,7,5.3,4.6,6.2,-0.51,14,12,15,-1.26,45,-0.35,55,39,37,35,47,96,-1.49,9.1,-1.38,326,71,1404:01:00,-0.47,1237,273,367:01:00,-0.26,366,80,1245:01:00,-0.92,2940,0.1,,1916,4459,4653,2700,53,-1.23,,44,50,42,54,27259,7,6,8,-0.7,14,13,15,13,12,14,1,1,2,1,0,1,0.3,75,75,76,-0.23,62,56,68,64,62,67,72,70,75,70,68,71,75,74,77,241914,31,30,33,-0.16,6.2,-0.74,,-0.25,94,169165,93,95,-1.49,2,0.39,103509,135841,76,74,78,-1.48,300311,317225,95,94,95,-1.1,6757,239035,2.8,-0.64,166190,44395,3.7,-1.03,11,8,14,-0.97,,8,25,13,7,1473,65,62,68,-1.16,36,28,45,,,,23,17,32,71,63,79,,,,,,,74,70,79,348,7.6,0.67,24,-0.61
51820,Virginia,Waynesboro City,,447,11090,9573,12607,0.16,,,,,,,,,,,,,12751,8664,18099,,,,,,,,,,12079,10184,13974,,4.6,3.7,5.6,0.27,,9,8,10,0.2,8,5,11,,,,,,,11,7,15,,,,,,,9,7,10,5.9,4.8,7,0.39,19,17,21,-0.23,58,-1.61,,,44,50,58,75,-0.56,7.4,0.07,19,84,1187:01:00,-0.83,46,198,504:01:00,0.06,27,118,845:01:00,-2.04,2103,-0.67,,,6047,,1941,54,-1.35,,,50,54,54,1632,9,7,10,-0.36,19,15,23,18,14,22,2,0,4,0,0,0,1.43,76,70,81,-0.18,,,,,,,,,,,,,,,,10970,27,21,33,-0.51,6.6,-0.54,,-0.25,88,8421,84,91,-0.49,3,0.02,3750,6468,58,49,67,0.09,14259,16015,89,86,92,-0.06,327,11195,2.9,-0.56,114453,26597,4.3,-0.33,19,12,26,0,,,25,31,14,106,94,76,111,-0.21,,,,,,,,,,,,,,,,,,,,,,40,17.5,-1.07,32,0.51
51830,Virginia,Williamsburg City,,166,7519,5317,9721,-0.78,,,,,,,,,,,,,,,,,,,,,,,,,,,,,4.1,3.3,4.9,-0.6,,7,5,10,-0.49,,,,,,,,,,9,4,15,,,,,,,5,2,8,5.7,4.6,6.8,0.08,17,15,19,-0.55,59,-1.71,,57,50,41,60,100,-1.65,8.4,-0.79,2,13,7795:01:00,1.14,6,38,2641:01:00,0.75,,,,-0.26,1738,-1.01,,,1983,,1405,58,-1.83,,48,56,,58,650,8,6,9,-0.57,14,9,19,14,9,19,1,0,2,0,0,1,0.29,58,51,64,-2.58,,,,56,35,77,84,75,93,,,,76,72,80,6467,22,15,29,-0.91,6.4,-0.64,,-0.25,90,4459,86,93,-0.81,5,-1,1945,2626,74,64,84,-1.3,7073,7597,93,91,96,-0.81,283,7017,4,0.36,141318,26161,5.4,1.04,21,13,29,0.2,,,,,,46,60,44,80,-1.32,,,,,,,,,,105,54,183,,,,,,,58,39,82,22,13.8,-0.42,24,-0.65
51840,Virginia,Winchester City,,488,11478,10005,12951,0.26,6931,4606,10018,,,,,,,,,,17036,12171,23198,,,,,,,,,,12027,10114,13940,,4.6,3.8,5.6,0.22,,9,8,10,0.22,8,6,10,,,,,,,12,9,16,,,,,,,9,7,10,5.7,4.6,6.9,0.09,19,17,21,-0.19,54,-1.22,,50,44,32,54,100,-1.67,7.6,-0.1,72,256,391:01:00,-5.57,227,822,122:01:00,-2.63,68,243,411:01:00,-5.69,3219,0.36,,,3186,,3163,47,-0.5,,34,43,19,48,2337,11,9,12,0.02,15,12,19,12,9,16,2,1,4,1,0,2,0.54,72,69,76,-0.65,,,,,,,78,63,93,59,49,69,85,82,87,13717,21,17,26,-0.95,6.9,-0.39,,-0.25,86,9721,82,90,-0.31,2,0.2,4169,7264,57,50,65,0.14,16061,18559,87,84,89,0.4,444,15632,2.8,-0.63,123403,26426,4.7,0.13,22,15,28,0.36,,45,19,33,22,118,84,69,100,-0.52,,,,,,,,,,102,57,168,,,,,,,101,81,124,50,17.9,-1.13,29,0.09
