year,GEOID,NAME,total_malesE,total_malesM,male_insuredE,male_insuredM,male_uninsuredE,male_uninsuredM,total_femalesE,total_femalesM,female_insuredE,female_insuredM,female_uninsuredE,female_uninsuredM,pct_male_insured,pct_female_insured,total_pop,total_insured,pct_pop_insured
2020,51001,"Accomack County, Virginia",2610,144,2387,213,223,153,2133,183,1944,201,189,90,91.455938697318,91.13924050632912,4743,4331,91.3135146531731
2020,51005,"Alleghany County, Virginia",1147,124,1059,150,88,68,998,106,973,102,25,21,92.32781168265039,97.49498997995993,2145,2032,94.73193473193473
2020,51007,"Amelia County, Virginia",1177,156,1157,159,20,31,1137,197,1056,183,81,84,98.30076465590484,92.87598944591029,2314,2213,95.6352636127917
2020,51011,"Appomattox County, Virginia",1201,149,1176,155,25,32,1342,122,1270,130,72,60,97.918401332223155,94.63487332339791,2543,2446,96.18560755013763
2020,51013,"Arlington County, Virginia",14040,301,13582,292,458,214,13837,357,13402,385,435,159,96.73789173789173,96.85625496856255,27877,26984,96.79664239337087
2020,51017,"Bath County, Virginia",352,154,352,154,0,13,99,70,99,70,0,13,100,100,451,451,100
2020,51019,"Bedford County, Virginia",5504,390,5377,420,127,128,5874,232,5658,244,216,124,97.69258720930233,96.32277834525026,11378,11035,96.98541044120232
2020,51023,"Botetourt County, Virginia",2552,122,2401,196,151,141,2610,108,2573,101,37,35,94.08307210031349,98.5823754789272,5162,4974,96.35800077489345
2020,51025,"Brunswick County, Virginia",1069,134,1058,135,11,18,890,154,890,154,0,20,98.97100093545369,100,1959,1948,99.43848902501277
2020,51029,"Buckingham County, Virginia",1044,63,995,76,49,49,1196,99,1121,108,75,58,95.3065134099617,93.72909698996655,2240,2116,94.46428571428571
2020,51031,"Campbell County, Virginia",4037,196,3831,225,206,109,3983,186,3745,223,238,122,94.8972008917513,94.02460456942003,8020,7576,94.46384039900249
2020,51035,"Carroll County, Virginia",2143,113,2037,127,106,93,1791,148,1602,158,189,115,95.0536630891274,89.44723618090453,3934,3639,92.50127097102187
2020,51036,"Charles City County, Virginia",471,49,446,50,25,20,394,29,386,29,8,9,94.69214437367303,97.96954314720813,865,832,96.18497109826589
2020,51037,"Charlotte County, Virginia",1263,150,1185,152,78,60,898,99,850,103,48,46,93.82422802850357,94.65478841870824,2161,2035,94.16936603424341
2020,51043,"Clarke County, Virginia",1146,108,1057,128,89,61,1163,107,1081,123,82,69,92.23385689354275,92.94926913155632,2309,2138,92.59419662191425
2020,51045,"Craig County, Virginia",287,99,287,99,0,18,327,115,327,115,0,18,100,100,614,614,100
2020,51049,"Cumberland County, Virginia",777,186,696,198,81,87,857,191,619,166,238,139,89.57528957528957,72.2287047841307,1634,1315,80.47735618115055
2020,51051,"Dickenson County, Virginia",1054,89,1012,88,42,40,1018,52,1002,53,16,18,96.01518026565465,98.42829076620825,2072,2014,97.2007722007722
2020,51057,"Essex County, Virginia",738,155,738,155,0,20,809,162,799,160,10,17,100,98.76390605686032,1547,1537,99.35358758888171
2020,51059,"Fairfax County, Virginia",101876,843,95020,1160,6856,964,95601,1045,90445,1060,5156,635,93.27025010797439,94.6067509754082,197477,185465,93.91726631455816
2020,51063,"Floyd County, Virginia",1181,94,1176,94,5,8,1190,126,1091,144,99,65,99.5766299745978,91.68067226890756,2371,2267,95.61366512020246
2020,51065,"Fluvanna County, Virginia",2026,152,1907,142,119,115,1804,209,1681,234,123,122,94.1263573543929,93.18181818181817,3830,3588,93.68146214099217
2020,51069,"Frederick County, Virginia",7878,237,7447,252,431,193,6906,273,6661,289,245,119,94.52906829144453,96.452360266435,14784,14108,95.42748917748918
2020,51071,"Giles County, Virginia",1250,96,1222,106,28,26,1253,76,1175,96,78,73,97.76,93.77494014365523,2503,2397,95.76508190171793
2020,51075,"Goochland County, Virginia",1899,201,1828,208,71,95,1503,117,1479,118,24,24,96.26119010005266,98.40319361277446,3402,3307,97.20752498530277
2020,51077,"Grayson County, Virginia",918,101,836,110,82,51,959,63,749,163,210,171,91.06753812636165,78.1021897810219,1877,1585,84.44326052210975
2020,51081,"Greensville County, Virginia",603,92,545,96,58,58,671,109,613,132,58,61,90.38142620232172,91.35618479880775,1274,1158,90.89481946624804
2020,51083,"Halifax County, Virginia",2555,204,2477,207,78,67,2702,192,2629,208,73,65,96.94716242661448,97.2982975573649,5257,5106,97.12763933802549
2020,51087,"Henrico County, Virginia",27959,609,26490,692,1469,371,26826,528,25898,609,928,265,94.7458778926285,96.54066949973907,54785,52388,95.62471479419548
2020,51089,"Henry County, Virginia",3953,185,3793,200,160,101,3735,249,3684,253,51,35,95.95244118391095,98.63453815261045,7688,7477,97.25546305931321
2020,51093,"Isle of Wight County, Virginia",3109,218,2834,308,275,248,2866,207,2596,210,270,125,91.15471212608556,90.57920446615492,5975,5430,90.8786610878661
2020,51095,"James City County, Virginia",5827,225,5568,251,259,189,5774,259,5611,264,163,100,95.55517418911961,97.17700034638032,11601,11179,96.36238255322816
2020,51097,"King and Queen County, Virginia",512,163,434,140,78,60,421,101,421,101,0,18,84.765625,100,933,855,91.63987138263666
2020,51099,"King George County, Virginia",2380,127,2380,127,0,24,2535,105,2466,106,69,68,100,97.27810650887574,4915,4846,98.59613428280774
2020,51101,"King William County, Virginia",1464,116,1457,117,7,12,1467,159,1326,159,141,132,99.52185792349727,90.38854805725971,2931,2783,94.95052882975094
2020,51103,"Lancaster County, Virginia",455,136,455,136,0,20,856,246,750,249,106,76,100,87.61682242990653,1311,1205,91.91456903127384
2020,51105,"Lee County, Virginia",1756,251,1651,239,105,66,1558,102,1458,91,100,62,94.02050113895216,93.58151476251605,3314,3109,93.81412190706095
2020,51107,"Loudoun County, Virginia",43230,484,41418,594,1812,372,41693,617,40044,691,1649,352,95.80846634281748,96.04489962343798,84923,81462,95.92454340991252
2020,51109,"Louisa County, Virginia",2542,148,2386,159,156,88,2789,131,2620,152,169,106,93.86309992132179,93.94048045894586,5331,5006,93.90358281748264
2020,51111,"Lunenburg County, Virginia",843,110,807,112,36,30,875,113,833,121,42,53,95.72953736654804,95.19999999999999,1718,1640,95.45983701979046
2020,51113,"Madison County, Virginia",973,152,944,148,29,44,1031,172,999,188,32,52,97.01952723535457,96.89621726479146,2004,1943,96.9560878243513
2020,51115,"Mathews County, Virginia",667,204,608,155,59,76,380,102,380,102,0,18,91.1544227886057,100,1047,988,94.36485195797518
2020,51117,"Mecklenburg County, Virginia",2155,102,2026,120,129,57,2153,121,2059,127,94,57,94.0139211136891,95.63399907106364,4308,4085,94.82358402971217
2020,51119,"Middlesex County, Virginia",812,101,795,104,17,27,523,106,523,106,0,20,97.9064039408867,100,1335,1318,98.72659176029963
2020,51121,"Montgomery County, Virginia",8439,473,8286,442,153,121,7448,349,7256,363,192,113,98.18698897973694,97.42212674543501,15887,15542,97.828413167999
2020,51125,"Nelson County, Virginia",1060,117,977,117,83,78,876,82,843,90,33,37,92.16981132075472,96.23287671232876,1936,1820,94.00826446280992
2020,51127,"New Kent County, Virginia",1746,141,1676,154,70,107,1524,159,1514,155,10,16,95.99083619702176,99.34383202099738,3270,3190,97.55351681957187
2020,51131,"Northampton County, Virginia",882,91,848,90,34,36,788,71,743,85,45,36,96.14512471655328,94.28934010152284,1670,1591,95.26946107784431
2020,51133,"Northumberland County, Virginia",599,139,506,136,93,122,762,86,710,113,52,67,84.47412353923205,93.1758530183727,1361,1216,89.3460690668626
2020,51135,"Nottoway County, Virginia",1084,127,903,151,181,103,978,119,929,127,49,46,83.30258302583026,94.98977505112475,2062,1832,88.84578079534433
2020,51137,"Orange County, Virginia",2943,166,2743,229,200,183,2861,161,2728,195,133,94,93.20421338769962,95.35127577770011,5804,5471,94.26257753273605
2020,51139,"Page County, Virginia",1758,112,1637,138,121,73,1748,132,1603,128,145,76,93.11717861205916,91.70480549199085,3506,3240,92.41300627495723
2020,51141,"Patrick County, Virginia",1130,110,1098,111,32,29,970,70,884,117,86,75,97.16814159292035,91.1340206185567,2100,1982,94.38095238095238
2020,51145,"Powhatan County, Virginia",2068,108,2033,118,35,38,1963,109,1744,134,219,130,98.30754352030948,88.84360672440143,4031,3777,93.6988340362193
2020,51147,"Prince Edward County, Virginia",1747,213,1576,193,171,119,1889,224,1839,229,50,74,90.21179164281625,97.3530968766543,3636,3415,93.92189218921892
2020,51149,"Prince George County, Virginia",3135,180,3110,186,25,52,3253,176,3168,189,85,67,99.20255183413079,97.38702735936059,6388,6278,98.2780212899186
2020,51155,"Pulaski County, Virginia",2388,154,2260,169,128,76,2186,110,2096,130,90,77,94.63986599664992,95.8828911253431,4574,4356,95.23393091386096
2020,51157,"Rappahannock County, Virginia",570,106,491,101,79,80,458,87,427,85,31,34,86.14035087719299,93.23144104803494,1028,918,89.29961089494164
2020,51161,"Roanoke County, Virginia",7760,247,7418,278,342,144,7092,222,6774,244,318,134,95.59278350515464,95.5160744500846,14852,14192,95.55615405332615
2020,51163,"Rockbridge County, Virginia",1365,107,1282,112,83,87,1455,131,1393,152,62,67,93.91941391941391,95.73883161512028,2820,2675,94.8581560283688
2020,51167,"Russell County, Virginia",1961,191,1879,207,82,68,1936,238,1817,257,119,92,95.81845996940336,93.85330578512396,3897,3696,94.84218629715166
2020,51169,"Scott County, Virginia",1528,85,1467,98,61,56,1395,92,1275,183,120,144,96.00785340314137,91.39784946236558,2923,2742,93.80773178241533
2020,51173,"Smyth County, Virginia",2273,73,2204,93,69,51,2108,127,2076,126,32,24,96.96436427628684,98.4819734345351,4381,4280,97.69459027619266
2020,51175,"Southampton County, Virginia",1381,125,1333,137,48,42,1238,72,1199,72,39,31,96.52425778421434,96.8497576736672,2619,2532,96.67812142038946
2020,51179,"Stafford County, Virginia",14860,256,14137,330,723,269,14483,286,13842,368,641,241,95.13458950201884,95.57412138369122,29343,27979,95.35153188153905
2020,51181,"Surry County, Virginia",359,61,333,62,26,35,473,42,434,68,39,40,92.75766016713092,91.75475687103594,832,767,92.1875
2020,51185,"Tazewell County, Virginia",3016,154,2883,157,133,96,2928,119,2822,139,106,71,95.59018567639257,96.37978142076503,5944,5705,95.97913862718708
2020,51187,"Warren County, Virginia",3247,254,3108,278,139,105,3243,147,3138,158,105,59,95.71912534647366,96.76225716928771,6490,6246,96.24036979969183
2020,51193,"Westmoreland County, Virginia",1324,169,1286,159,38,47,1129,152,1129,152,0,20,97.1299093655589,100,2453,2415,98.45087647778232
2020,51195,"Wise County, Virginia",2743,100,2655,118,88,62,2797,129,2711,140,86,65,96.79183375865841,96.9252770825885,5540,5366,96.85920577617328
2020,51199,"York County, Virginia",6096,234,5973,238,123,86,6430,251,6339,267,91,69,97.98228346456693,98.58475894245723,12526,12312,98.29155356857736
2020,51510,"Alexandria city, Virginia",8923,211,8178,301,745,222,8711,302,8118,344,593,217,91.65079009301805,93.1925152106532,17634,16296,92.41238516502212
2020,51530,"Buena Vista city, Virginia",517,87,517,87,0,18,630,104,630,104,0,18,100,100,1147,1147,100
2020,51540,"Charlottesville city, Virginia",2386,199,2248,226,138,145,2503,134,2402,150,101,69,94.2162615255658,95.96484218937276,4889,4650,95.11147473921048
2020,51570,"Colonial Heights city, Virginia",1401,166,1314,163,87,58,1456,115,1387,127,69,54,93.79014989293361,95.26098901098901,2857,2701,94.53972698634931
2020,51580,"Covington city, Virginia",493,104,469,106,24,37,469,34,469,34,0,18,95.131845841785,100,962,938,97.5051975051975
2020,51590,"Danville city, Virginia",3435,189,3270,194,165,101,2946,153,2828,178,118,86,95.19650655021834,95.99456890699253,6381,6098,95.56495847045917
2020,51600,"Fairfax city, Virginia",1731,191,1569,181,162,107,1518,137,1433,152,85,76,90.64124783362219,94.40052700922266,3249,3002,92.39766081871345
2020,51610,"Falls Church city, Virginia",1452,141,1447,140,5,9,1295,80,1295,80,0,20,99.65564738292011,100,2747,2742,99.8179832544594
2020,51630,"Fredericksburg city, Virginia",1881,147,1776,156,105,97,2492,205,2171,351,321,269,94.41786283891547,87.11878009630819,4373,3947,90.25840384175623
2020,51640,"Galax city, Virginia",518,143,419,122,99,123,605,134,392,133,213,60,80.8880308880309,64.79338842975207,1123,811,72.2172751558326
2020,51660,"Harrisonburg city, Virginia",4512,259,4035,290,477,219,4728,304,4512,299,216,113,89.4281914893617,95.43147208121827,9240,8547,92.5
2020,51670,"Hopewell city, Virginia",2051,237,1899,209,152,127,2055,226,2055,226,0,24,92.58898098488542,100,4106,3954,96.29810034096444
2020,51680,"Lynchburg city, Virginia",5846,237,5532,286,314,182,6826,322,6380,324,446,130,94.62880602121109,93.46615880457075,12672,11912,94.00252525252525
2020,51683,"Manassas city, Virginia",4147,220,3399,275,748,253,3532,191,3057,282,475,188,81.9628647214854,86.5515288788222,7679,6456,84.07344706341972
2020,51690,"Martinsville city, Virginia",866,175,812,180,54,42,1105,112,1075,119,30,40,93.76443418013857,97.28506787330316,1971,1887,95.73820395738204
2020,51700,"Newport News city, Virginia",14754,333,13889,414,865,257,13986,397,12891,548,1095,307,94.13718313677647,92.17074217074217,28740,26780,93.18023660403618
2020,51720,"Norton city, Virginia",279,123,261,123,18,26,233,126,233,126,0,13,93.54838709677419,100,512,494,96.484375
2020,51730,"Petersburg city, Virginia",2415,143,2210,192,205,161,1919,139,1834,151,85,78,91.51138716356108,95.5706096925482,4334,4044,93.30872173511767
2020,51740,"Portsmouth city, Virginia",7470,240,7086,408,384,268,7256,237,6855,258,401,156,94.85943775100402,94.473539140022055,14726,13941,94.66929240798588
2020,51750,"Radford city, Virginia",1005,155,978,159,27,33,1403,172,1376,177,27,45,97.31343283582089,98.07555238774056,2408,2354,97.75747508305648
2020,51770,"Roanoke city, Virginia",7512,336,7070,401,442,244,7038,336,6818,336,220,109,94.1160809371672,96.87411196362604,14550,13888,95.45017182130584
2020,51775,"Salem city, Virginia",1984,174,1825,165,159,93,2080,144,2006,145,74,64,91.98588709677419,96.4423076923077,4064,3831,94.26673228346458
2020,51790,"Staunton city, Virginia",1766,157,1723,167,43,37,1599,184,1478,175,121,61,97.56511891279727,92.43277048155097,3365,3201,95.1263001485884
2020,51800,"Suffolk city, Virginia",8383,231,8139,263,244,156,8017,197,7585,222,432,193,97.08934748896576,94.61145066733192,16400,15724,95.8780487804878
2020,51810,"Virginia Beach city, Virginia",36259,520,34897,601,1362,299,34233,439,32954,543,1279,307,96.24369122148984,96.26383898577396,70492,67851,96.25347557169607
2020,51820,"Waynesboro city, Virginia",1854,245,1627,259,227,142,1763,196,1582,212,181,109,87.7562028047465,89.7334089619966,3617,3209,88.71993364666851
2020,51830,"Williamsburg city, Virginia",1236,215,1048,171,188,165,1218,215,1199,220,19,34,84.78964401294499,98.44006568144499,2454,2247,91.56479217603912
2020,51840,"Winchester city, Virginia",2462,268,2237,280,225,118,2544,261,2385,260,159,114,90.86108854589764,93.75,5006,4622,92.32920495405513
2020,51003,"Albemarle County, Virginia",9026,215,8655,263,371,134,9496,274,9210,309,286,129,95.88965211610902,96.98820556023588,18522,17865,96.45286686103013
2020,51009,"Amherst County, Virginia",2342,161,2176,171,166,92,2128,133,2010,137,118,72,92.91204099060631,94.45488721804512,4470,4186,93.64653243847874
2020,51015,"Augusta County, Virginia",5384,280,5062,295,322,157,5419,214,5110,233,309,158,94.01931649331353,94.2978409300609,10803,10172,94.1590298991021
2020,51021,"Bland County, Virginia",341,91,318,93,23,28,312,109,278,106,34,27,93.25513196480938,89.1025641025641,653,596,91.27105666156203
2020,51027,"Buchanan County, Virginia",1370,80,1326,87,44,36,1277,78,1171,96,106,67,96.78832116788321,91.69929522317932,2647,2497,94.33320740460898
2020,51033,"Caroline County, Virginia",2417,130,2163,162,254,168,2396,235,2318,233,78,91,89.49110467521722,96.74457429048414,4813,4481,93.10201537502597
2020,51041,"Chesterfield County, Virginia",31567,429,29825,586,1742,395,30979,440,29324,602,1655,407,94.48157886400355,94.65767132573679,62546,59149,94.56879736513926
2020,51047,"Culpeper County, Virginia",4516,279,4275,301,241,127,4911,315,4498,448,413,225,94.66341895482728,91.59030747301975,9427,8773,93.06248011032142
2020,51053,"Dinwiddie County, Virginia",2294,179,1965,188,329,197,2277,235,2045,230,232,152,85.65823888404533,89.81115502854632,4571,4010,87.72697440385036
2020,51061,"Fauquier County, Virginia",6386,204,6003,227,383,149,6107,153,5721,198,386,146,94.00250548073912,93.67938431308335,12493,11724,93.8445529496518
2020,51067,"Franklin County, Virginia",4509,255,4147,270,362,174,3850,229,3480,237,370,170,91.97161233089378,90.38961038961038,8359,7627,91.24297164732623
2020,51073,"Gloucester County, Virginia",2958,247,2852,249,106,78,2632,149,2517,174,115,108,96.41649763353617,95.6306990881459,5590,5369,96.04651162790697
2020,51079,"Greene County, Virginia",1749,184,1648,150,101,122,1652,185,1499,189,153,150,94.22527158376215,90.73849878934624,3401,3147,92.53160835048516
2020,51085,"Hanover County, Virginia",9897,225,9542,296,355,191,8752,251,8581,262,171,86,96.41305446094776,98.04616087751371,18649,18123,97.17947343021073
2020,51091,"Highland County, Virginia",53,32,43,23,10,19,166,85,127,69,39,55,81.13207547169812,76.50602409638554,219,170,77.6255707762557
2020,51143,"Pittsylvania County, Virginia",4584,149,4446,172,138,78,4476,174,4309,182,167,101,96.98952879581152,96.26899016979445,9060,8755,96.63355408388522
2020,51153,"Prince William County, Virginia",46972,534,43175,868,3797,641,44627,482,41176,754,3451,657,91.91646087030571,92.26701324310395,91599,84351,92.08724986080634
2020,51159,"Richmond County, Virginia",657,143,642,145,15,23,558,165,557,166,1,4,97.71689497716895,99.82078853046595,1215,1199,98.68312757201646
2020,51165,"Rockingham County, Virginia",6966,227,6318,287,648,210,6695,221,6048,282,647,173,90.69767441860465,90.33607169529499,13661,12366,90.5204597028036
2020,51171,"Shenandoah County, Virginia",3577,157,3399,193,178,135,3360,204,3283,191,77,87,95.02376292982947,97.70833333333333,6937,6682,96.32405939166787
2020,51177,"Spotsylvania County, Virginia",12828,260,12283,341,545,194,12304,324,11598,375,706,237,95.75148113501714,94.26202860858257,25132,23881,95.02228234919625
2020,51183,"Sussex County, Virginia",752,71,719,79,33,23,543,64,490,58,53,43,95.61170212765957,90.23941068139963,1295,1209,93.35907335907336
2020,51191,"Washington County, Virginia",3907,174,3558,228,349,141,3712,186,3470,213,242,138,91.0673150755055,93.48060344827587,7619,7028,92.24307651922824
2020,51197,"Wythe County, Virginia",2091,196,1844,231,247,131,2264,130,1908,182,356,141,88.18747010999522,84.2756183745583,4355,3752,86.15384615384616
2020,51520,"Bristol city, Virginia",1315,250,1308,248,7,13,1483,227,1452,231,31,40,99.46768060836501,97.90964261631827,2798,2760,98.64188706218727
2020,51550,"Chesapeake city, Virginia",22091,408,20950,475,1141,365,21311,350,20481,431,830,309,94.83500067900955,96.10529773356483,43402,41431,95.4587346205244
2020,51595,"Emporia city, Virginia",722,175,690,178,32,39,502,110,445,91,57,76,95.56786703601108,88.64541832669323,1224,1135,92.72875816993465
2020,51620,"Franklin city, Virginia",800,142,800,142,0,18,633,100,633,100,0,18,100,100,1433,1433,100
2020,51650,"Hampton city, Virginia",10525,411,10327,425,198,132,10493,289,10229,294,264,120,98.1187648456057,97.4840369770323,21018,20556,97.80188409934341
2020,51678,"Lexington city, Virginia",523,160,502,161,21,29,351,138,351,138,0,18,95.98470363288719,100,874,853,97.597254004576655
2020,51685,"Manassas Park city, Virginia",1685,165,1456,178,229,134,1612,187,1427,203,185,119,86.40949554896142,88.52357320099256,3297,2883,87.44313011828936
2020,51710,"Norfolk city, Virginia",16157,471,15318,537,839,194,16324,427,15280,523,1044,281,94.8072043077304,93.60450869884832,32481,30598,94.20276469320525
2020,51735,"Poquoson city, Virginia",1117,102,1054,109,63,52,998,95,969,94,29,41,94.35989256938228,97.09418837675351,2115,2023,95.6501182033097
2020,51760,"Richmond city, Virginia",13835,415,12765,492,1070,268,14841,346,13517,456,1324,372,92.2659920491507,91.07876827707028,28676,26282,91.65155530757427
2021,51001,"Accomack County, Virginia",2598,178,2276,218,322,191,2472,185,2276,235,196,127,87.60585065434951,92.07119741100324,5070,4552,89.78303747534517
2021,51003,"Albemarle County, Virginia",9315,290,8943,316,372,158,9749,345,9400,386,349,169,96.00644122383252,96.42014565596472,19064,18343,96.21800251783466
2021,51005,"Alleghany County, Virginia",1272,105,1190,126,82,63,990,86,944,84,46,35,93.55345911949685,95.35353535353536,2262,2134,94.34129089301503
2021,51007,"Amelia County, Virginia",1085,145,1085,145,0,21,1301,195,1234,187,67,83,100,94.8501152959262,2386,2319,97.19195305951384
2021,51009,"Amherst County, Virginia",2298,153,2169,164,129,89,2169,131,2044,129,125,72,94.38642297650131,94.23697556477639,4467,4213,94.31385717483771
2021,51011,"Appomattox County, Virginia",1283,92,1234,106,49,47,1332,79,1253,89,79,52,96.180826188620415,94.06906906906907,2615,2487,95.10516252390057
2021,51013,"Arlington County, Virginia",14596,338,14013,403,583,270,14342,269,13741,277,601,185,96.00575500137025,95.80951052851763,28938,27754,95.90849402170157
2021,51015,"Augusta County, Virginia",5567,337,5278,354,289,159,5633,250,5309,337,324,229,94.80869409017424,94.24818036570211,11200,10587,94.52678571428571
2021,51017,"Bath County, Virginia",292,144,292,144,0,13,138,65,138,65,0,13,100,100,430,430,100
2021,51019,"Bedford County, Virginia",5698,371,5540,401,158,137,5860,211,5677,211,183,114,97.22709722709723,96.87713310580205,11558,11217,97.04966257137913
2021,51021,"Bland County, Virginia",342,85,326,87,16,24,368,113,334,113,34,36,95.32163742690058,90.76086956521739,710,660,92.95774647887323
2021,51023,"Botetourt County, Virginia",2633,120,2470,201,163,148,2502,118,2450,123,52,46,93.809342954804407,97.9216626698641,5135,4920,95.81304771178189
2021,51025,"Brunswick County, Virginia",972,97,958,100,14,22,1053,106,1053,106,0,21,98.559670781893,100,2025,2011,99.30864197530865
2021,51027,"Buchanan County, Virginia",1300,74,1283,76,17,25,1231,80,1155,89,76,52,98.6923076923077,93.82615759545085,2531,2438,96.32556301856974
2021,51029,"Buckingham County, Virginia",979,75,922,100,57,51,1208,108,1048,143,160,127,94.17773237997957,86.75496688741721,2187,1970,90.07773205304069
2021,51031,"Campbell County, Virginia",4154,227,3960,260,194,120,4029,162,3784,222,245,126,95.32980259990372,93.91908662199057,8183,7744,94.63521935720397
2021,51033,"Caroline County, Virginia",2395,173,2148,188,247,193,2406,229,2324,236,82,101,89.68684759916493,96.59185369908562,4801,4472,93.14726098729432
2021,51035,"Carroll County, Virginia",2387,212,2314,219,73,79,1563,164,1442,183,121,95,96.94176790950985,92.25847728726806,3950,3756,95.08860759493672
2021,51036,"Charles City County, Virginia",498,55,455,55,43,29,380,36,379,36,1,2,91.36546184738957,99.73684210526315,878,834,94.98861047835992
2021,51037,"Charlotte County, Virginia",1223,137,1171,124,52,42,877,88,877,88,0,21,95.74816026165168,100,2100,2048,97.52380952380952
2021,51041,"Chesterfield County, Virginia",32765,531,30636,727,2129,495,32253,588,30487,715,1766,451,93.50221272699527,94.5245403528354,65018,61123,94.0093512565751
2021,51043,"Clarke County, Virginia",1088,121,1013,127,75,52,1322,141,1290,145,32,42,93.10661764705883,97.57942511346445,2410,2303,95.56016597510374
2021,51045,"Craig County, Virginia",398,176,398,176,0,13,351,102,351,102,0,13,100,100,749,749,100
2021,51047,"Culpeper County, Virginia",4810,356,4371,322,439,262,4707,285,4465,294,242,161,90.87318087318087,94.85872105374973,9517,8836,92.84438373437007
2021,51049,"Cumberland County, Virginia",825,179,747,195,78,84,690,180,543,137,147,117,90.54545454545455,78.69565217391305,1515,1290,85.14851485148515
2021,51051,"Dickenson County, Virginia",1128,53,1093,56,35,33,1029,52,1015,57,14,18,96.89716312056737,98.63945578231292,2157,2108,97.72832637923041
2021,51053,"Dinwiddie County, Virginia",2518,177,2384,261,134,180,2159,230,2037,243,122,125,94.67831612390786,94.34923575729505,4677,4421,94.52640581569382
2021,51057,"Essex County, Virginia",772,107,772,107,0,21,761,138,755,134,6,16,100,99.21156373193168,1533,1527,99.60861056751467
2021,51059,"Fairfax County, Virginia",102814,907,96508,1247,6306,860,96554,982,91554,1197,5000,649,93.86659404361274,94.8215506348779,199368,188062,94.32907989246017
2021,51061,"Fauquier County, Virginia",6557,234,6174,286,383,158,6336,214,5972,236,364,166,94.15891413756292,94.2550505050505,12893,12146,94.20615838051656
2021,51063,"Floyd County, Virginia",1150,99,1150,99,0,21,1160,119,1042,113,118,97,100,89.82758620689654,2310,2192,94.8917748917749
2021,51065,"Fluvanna County, Virginia",2179,153,1950,196,229,157,1872,209,1733,201,139,151,89.49059201468563,92.57478632478633,4051,3683,90.91582325351764
2021,51067,"Franklin County, Virginia",4388,215,4060,288,328,180,3793,204,3468,223,325,189,92.52506836827712,91.43158449775903,8181,7528,92.01809069795868
2021,51069,"Frederick County, Virginia",8008,245,7548,276,460,190,7339,223,7048,281,291,143,94.25574425574426,96.03488213653087,15347,14596,95.10653547924676
2021,51071,"Giles County, Virginia",1274,100,1229,120,45,52,1218,92,1147,119,71,78,96.46781789638933,94.17077175697865,2492,2376,95.34510433386838
2021,51073,"Gloucester County, Virginia",3247,225,3221,224,26,31,2793,162,2692,176,101,115,99.19926085617493,96.38381668456857,6040,5913,97.89735099337749
2021,51075,"Goochland County, Virginia",1833,236,1758,226,75,88,1607,143,1570,152,37,41,95.90834697217676,97.69757311761046,3440,3328,96.74418604651163
2021,51077,"Grayson County, Virginia",861,123,788,137,73,52,932,70,732,160,200,155,91.52148664343787,78.54077253218884,1793,1520,84.77412158393753
2021,51079,"Greene County, Virginia",1637,142,1606,138,31,57,2035,147,1999,156,36,39,98.10629199755651,98.23095823095824,3672,3605,98.17538126361656
2021,51081,"Greensville County, Virginia",610,113,597,116,13,14,712,74,670,83,42,41,97.8688524590164,94.10112359550563,1322,1267,95.83963691376702
2021,51083,"Halifax County, Virginia",2666,172,2484,209,182,129,2564,154,2524,163,40,46,93.17329332333082,98.4399375975039,5230,5008,95.75525812619503
2021,51085,"Hanover County, Virginia",10070,266,9593,318,477,176,9072,257,8827,275,245,108,95.26315789473684,97.2993827160494,19142,18420,96.22818932190994
2021,51087,"Henrico County, Virginia",28537,526,27136,615,1401,338,27096,540,26289,609,807,230,95.09058415390545,97.02170062001771,55633,53425,96.03113260115398
2021,51089,"Henry County, Virginia",3951,183,3823,203,128,106,3858,275,3780,288,78,59,96.7603138445963,97.97822706065318,7809,7603,97.36201818414649
2021,51091,"Highland County, Virginia",92,55,85,53,7,12,128,67,94,57,34,48,92.3913043478261,73.4375,220,179,81.36363636363636
2021,51093,"Isle of Wight County, Virginia",3166,248,2887,325,279,198,3083,199,2791,212,292,123,91.18761844598863,90.52870580603309,6249,5678,90.86253800608097
2021,51095,"James City County, Virginia",6154,245,5900,324,254,177,5959,304,5780,322,179,131,95.87260318492038,96.9961402919953,12113,11680,96.42532815982828
2021,51097,"King and Queen County, Virginia",477,135,409,112,68,47,370,90,359,91,11,19,85.74423480083857,97.02702702702702,847,768,90.67296340023613
2021,51099,"King George County, Virginia",2453,141,2453,141,0,25,2598,94,2495,92,103,76,100,96.0354118552733,5051,4948,97.96079984161553
2021,51101,"King William County, Virginia",1657,216,1650,216,7,12,1392,162,1237,152,155,137,99.5775497887749,88.86494252873564,3049,2887,94.68678255165628
2021,51103,"Lancaster County, Virginia",701,113,701,113,0,21,685,96,556,102,129,89,100,81.16788321167884,1386,1257,90.6926406926407
2021,51105,"Lee County, Virginia",1704,96,1606,102,98,61,1462,79,1407,81,55,40,94.24882629107981,96.23803009575923,3166,3013,95.16740366392925
2021,51107,"Loudoun County, Virginia",44485,571,42927,606,1558,359,42298,581,40682,691,1616,402,96.49769585253456,96.17948839188614,86783,83609,96.34260166161576
2021,51109,"Louisa County, Virginia",2702,217,2598,226,104,68,2702,127,2557,183,145,110,96.15099925980755,94.63360473723168,5404,5155,95.39230199851961
2021,51111,"Lunenburg County, Virginia",902,133,816,106,86,61,882,109,808,113,74,53,90.46563192904657,91.60997732426304,1784,1624,91.03139013452915
2021,51113,"Madison County, Virginia",996,158,980,162,16,23,940,132,928,132,12,22,98.39357429718876,98.72340425531915,1936,1908,98.55371900826447
2021,51115,"Mathews County, Virginia",675,220,618,197,57,74,379,85,379,85,0,19,91.55555555555556,100,1054,997,94.59203036053131
2021,51117,"Mecklenburg County, Virginia",2190,125,2026,140,164,75,1939,132,1876,150,63,50,92.51141552511416,96.75090252707581,4129,3902,94.502300799225
2021,51119,"Middlesex County, Virginia",732,100,732,100,0,21,502,91,500,91,2,10,100,99.60159362549801,1234,1232,99.83792544570503
2021,51121,"Montgomery County, Virginia",8345,482,8226,490,119,97,7229,384,7053,377,176,93,98.57399640503294,97.5653617374464,15574,15279,98.10581738795429
2021,51125,"Nelson County, Virginia",1157,165,1081,164,76,89,820,110,762,121,58,62,93.43128781331028,92.92682926829269,1977,1843,93.2220536165908
2021,51127,"New Kent County, Virginia",1859,162,1793,145,66,105,1610,168,1610,168,0,25,96.44970414201184,100,3469,3403,98.09743441914097
2021,51131,"Northampton County, Virginia",939,112,832,108,107,76,792,90,745,100,47,40,88.604898828541,94.06565656565657,1731,1577,91.10340843443096
2021,51133,"Northumberland County, Virginia",533,172,423,129,110,121,964,220,923,228,41,52,79.36210131332082,95.74688796680498,1497,1346,89.91315965263861
2021,51135,"Nottoway County, Virginia",1193,121,954,151,239,99,1156,152,1114,161,42,47,79.96647108130763,96.36678200692042,2349,2068,88.03746275010643
2021,51137,"Orange County, Virginia",2895,161,2722,213,173,142,2850,174,2791,185,59,76,94.02417962003454,97.9298245614035,5745,5513,95.96170583115753
2021,51139,"Page County, Virginia",1834,130,1717,156,117,61,1646,144,1476,141,170,87,93.62050163576882,89.6719319562576,3480,3193,91.7528735632184
2021,51141,"Patrick County, Virginia",1087,101,1050,113,37,41,949,66,854,116,95,76,96.59613615455382,89.98946259220232,2036,1904,93.51669941060904
2021,51143,"Pittsylvania County, Virginia",4497,159,4347,175,150,72,4515,160,4288,205,227,138,96.66444296197466,94.97231450719823,9012,8635,95.81668885929872
2021,51145,"Powhatan County, Virginia",2170,146,2132,146,38,39,1924,154,1736,154,188,132,98.24884792626727,90.22869022869024,4094,3868,94.47972642892037
2021,51147,"Prince Edward County, Virginia",1686,233,1533,225,153,81,1819,207,1773,198,46,79,90.92526690391459,97.47113798790544,3505,3306,94.32239657631955
2021,51149,"Prince George County, Virginia",3611,257,3587,263,24,39,3671,190,3554,213,117,83,99.33536416505123,96.81285753200763,7282,7141,98.06371875858281
2021,51153,"Prince William County, Virginia",48760,524,44647,788,4113,730,45960,678,42707,936,3253,596,91.56480721903199,92.92210617928633,94720,87354,92.22339527027027
2021,51155,"Pulaski County, Virginia",2269,132,2183,140,86,66,2188,122,2055,135,133,87,96.20978404583516,93.92138939670932,4457,4238,95.08638097374916
2021,51157,"Rappahannock County, Virginia",678,140,559,116,119,83,340,104,301,96,39,30,82.44837758112095,88.52941176470588,1018,860,84.47937131630648
2021,51159,"Richmond County, Virginia",750,165,750,165,0,19,390,158,390,158,0,19,100,100,1140,1140,100
2021,51161,"Roanoke County, Virginia",7760,305,7425,310,335,147,7426,222,7078,273,348,132,95.68298969072166,95.31376245623485,15186,14503,95.50243645462928
2021,51163,"Rockbridge County, Virginia",1411,114,1408,112,3,6,1415,122,1373,140,42,51,99.78738483345145,97.03180212014134,2826,2781,98.40764331210191
2021,51165,"Rockingham County, Virginia",7223,197,6610,226,613,203,6755,242,6114,330,641,203,91.51322165305274,90.51073279052554,13978,12724,91.02875947918157
2021,51167,"Russell County, Virginia",1788,110,1724,110,64,44,1829,159,1736,180,93,88,96.42058165548099,94.91525423728814,3617,3460,95.65938623168371
2021,51169,"Scott County, Virginia",1658,103,1583,121,75,60,1474,72,1336,146,138,127,95.47647768395657,90.63772048846675,3132,2919,93.19923371647509
2021,51171,"Shenandoah County, Virginia",3597,182,3427,212,170,129,3503,198,3422,200,81,73,95.27383931053656,97.68769626034828,7100,6849,96.46478873239437
2021,51173,"Smyth County, Virginia",2233,74,2144,99,89,67,2095,130,2057,133,38,30,96.01433049708912,98.18615751789976,4328,4201,97.0656192236599
2021,51175,"Southampton County, Virginia",1329,114,1252,126,77,58,1262,119,1233,123,29,20,94.20617005267118,97.70206022187004,2591,2485,95.90891547664995
2021,51177,"Spotsylvania County, Virginia",13290,267,12667,369,623,209,12710,231,12035,265,675,209,95.3122648607976,94.68922108575924,26000,24702,95.00769230769231
2021,51179,"Stafford County, Virginia",15667,290,14883,412,784,274,15174,325,14488,352,686,192,94.99585115210316,95.47910900224068,30841,29371,95.23361758697837
2021,51181,"Surry County, Virginia",401,59,373,56,28,30,461,55,410,80,51,47,93.01745635910224,88.93709327548807,862,783,90.83526682134571
2021,51183,"Sussex County, Virginia",619,100,584,108,35,26,667,75,597,57,70,56,94.34571890145395,89.50524737631184,1286,1181,91.83514774494557
2021,51185,"Tazewell County, Virginia",3143,167,3024,150,119,83,2891,189,2817,195,74,49,96.21380846325167,97.4403320650294,6034,5841,96.80145840238647
2021,51187,"Warren County, Virginia",3130,257,2980,261,150,107,3233,151,3066,175,167,95,95.2076677316294,94.83451902257964,6363,6046,95.01807323589502
2021,51191,"Washington County, Virginia",3844,157,3495,205,349,150,3639,222,3383,215,256,137,90.92091571279917,92.96510030228085,7483,6878,91.91500734999332
2021,51193,"Westmoreland County, Virginia",1432,158,1392,150,40,46,1118,162,1118,162,0,21,97.20670391061452,100,2550,2510,98.4313725490196
2021,51195,"Wise County, Virginia",2570,147,2521,148,49,46,2686,148,2628,155,58,55,98.09338521400778,97.84065524944154,5256,5149,97.96423135464232
2021,51197,"Wythe County, Virginia",2011,153,1803,169,208,108,2162,123,1832,213,330,164,89.6568871208354,84.736355226642,4173,3635,87.10759645339084
2021,51199,"York County, Virginia",6474,243,6320,257,154,105,6589,243,6519,246,70,61,97.62125424776028,98.9376233115799,13063,12839,98.28523310112531
2021,51510,"Alexandria city, Virginia",9180,211,8709,301,471,194,8779,275,8073,371,706,286,94.86928104575163,91.95808178608041,17959,16782,93.44618297232586
2021,51520,"Bristol city, Virginia",1183,166,1137,179,46,70,1438,159,1368,181,70,90,96.11158072696534,95.13212795549374,2621,2505,95.57420831743609
2021,51530,"Buena Vista city, Virginia",621,123,621,123,0,19,573,173,573,173,0,19,100,100,1194,1194,100
2021,51540,"Charlottesville city, Virginia",2283,212,2174,257,109,113,2515,163,2432,162,83,66,95.22558037669732,96.69980119284294,4798,4606,95.99833263859942
2021,51550,"Chesapeake city, Virginia",22868,425,21917,542,951,304,21933,400,21024,464,909,250,95.84135035857967,95.85556011489537,44801,42941,95.84830695743398
2021,51570,"Colonial Heights city, Virginia",1528,172,1387,181,141,64,1507,174,1391,189,116,68,90.77225130890052,92.30258792302588,3035,2778,91.5321252059308
2021,51580,"Covington city, Virginia",523,124,473,127,50,57,478,43,478,43,0,19,90.43977055449331,100,1001,951,95.00499500499501
2021,51590,"Danville city, Virginia",3774,189,3628,188,146,122,3296,235,3168,236,128,79,96.13142554319025,96.11650485436894,7070,6796,96.12446958981612
2021,51595,"Emporia city, Virginia",761,141,723,150,38,49,496,51,461,73,35,54,95.00657030223391,92.94354838709677,1257,1184,94.19252187748609
2021,51600,"Fairfax city, Virginia",1726,181,1598,167,128,99,1618,148,1457,168,161,98,92.58400926998841,90.04944375772558,3344,3055,91.35765550239235
2021,51610,"Falls Church city, Virginia",1472,122,1465,121,7,11,1302,111,1302,111,0,21,99.52445652173914,100,2774,2767,99.74765681326603
2021,51620,"Franklin city, Virginia",739,113,710,119,29,43,640,106,640,106,0,19,96.07577807848445,100,1379,1350,97.89702683103698
2021,51630,"Fredericksburg city, Virginia",1765,314,1623,328,142,133,2374,234,2016,347,358,294,91.95467422096317,84.91996630160067,4139,3639,87.91978738825803
2021,51640,"Galax city, Virginia",528,163,434,144,94,99,543,151,451,167,92,88,82.1969696969697,83.05709023941068,1071,885,82.6330532212885
2021,51650,"Hampton city, Virginia",11055,350,10921,366,134,83,10865,318,10514,323,351,145,98.7878787878788,96.76944316612978,21920,21435,97.78740875912408
2021,51660,"Harrisonburg city, Virginia",4529,312,4108,362,421,217,4798,329,4471,337,327,137,90.70434974608081,93.18466027511462,9327,8579,91.98027232765091
2021,51670,"Hopewell city, Virginia",2194,308,2067,267,127,95,2085,239,2085,239,0,25,94.21148587055606,100,4279,4152,97.0320168263613
2021,51678,"Lexington city, Virginia",604,193,590,192,14,32,338,129,338,129,0,19,97.68211920529801,100,942,928,98.51380042462846
2021,51680,"Lynchburg city, Virginia",5764,255,5483,295,281,144,7047,333,6671,282,376,142,95.12491325468424,94.66439619696325,12811,12154,94.87159472328469
2021,51683,"Manassas city, Virginia",4378,228,3637,314,741,215,3745,208,3273,273,472,214,83.074463225217,87.39652870493993,8123,6910,85.06709343838483
2021,51685,"Manassas Park city, Virginia",1669,230,1411,261,258,136,1592,233,1432,227,160,118,84.54164170161773,89.9497487437186,3261,2843,87.18184605949095
2021,51690,"Martinsville city, Virginia",1115,193,1034,196,81,71,1267,133,1234,146,33,43,92.73542600896862,97.39542225730071,2382,2268,95.21410579345087
2021,51700,"Newport News city, Virginia",15472,390,14617,465,855,276,14868,323,13965,457,903,320,94.47388831437435,93.92655367231639,30340,28582,94.20566908371786
2021,51710,"Norfolk city, Virginia",16171,359,15214,392,957,229,16084,458,15210,455,874,283,94.08199863953992,94.56602835115643,32255,30424,94.32336071926834
2021,51720,"Norton city, Virginia",340,105,294,104,46,53,256,108,256,108,0,13,86.47058823529412,100,596,550,92.28187919463086
2021,51730,"Petersburg city, Virginia",2665,144,2423,167,242,150,2119,184,2039,183,80,78,90.91932457786116,96.22463426144408,4784,4462,93.26923076923077
2021,51735,"Poquoson city, Virginia",1124,109,1093,117,31,32,1009,106,987,108,22,35,97.24199288256227,97.81962338949455,2133,2080,97.51523675574309
2021,51740,"Portsmouth city, Virginia",7641,307,7199,468,442,292,7607,243,7207,282,400,160,94.21541683025781,94.74168528986459,15248,14406,94.47796432318992
2021,51750,"Radford city, Virginia",1010,135,997,137,13,27,1490,172,1476,168,14,28,98.7128712871287,99.06040268456375,2500,2473,98.92
2021,51760,"Richmond city, Virginia",13692,387,12427,514,1265,355,14240,477,13004,540,1236,325,90.76102833771546,91.32022471910113,27932,25431,91.04611198625233
2021,51770,"Roanoke city, Virginia",7594,338,7030,389,564,253,7424,358,7096,355,328,136,92.57308401369502,95.58189655172413,15018,14126,94.06046078039687
2021,51775,"Salem city, Virginia",2047,172,1969,170,78,54,2072,164,1962,189,110,84,96.18954567659989,94.6911196911197,4119,3931,95.43578538480214
2021,51790,"Staunton city, Virginia",1678,195,1634,196,44,35,1711,126,1614,134,97,49,97.37783075089392,94.33080070134424,3389,3248,95.83948067276484
2021,51800,"Suffolk city, Virginia",8415,201,8207,225,208,171,8159,212,7712,236,447,184,97.52822341057636,94.52138742492953,16574,15919,96.04802703028841
2021,51810,"Virginia Beach city, Virginia",37598,522,36155,588,1443,370,35410,493,33951,631,1459,357,96.16202989520718,95.87969500141203,73008,70106,96.02509314047776
2021,51820,"Waynesboro city, Virginia",1895,193,1743,188,152,118,1734,186,1588,171,146,125,91.97889182058047,91.58016147635524,3629,3331,91.78837145219069
2021,51830,"Williamsburg city, Virginia",1146,179,1050,168,96,115,1198,210,1162,212,36,41,91.62303664921467,96.99499165275459,2344,2212,94.36860068259386
2021,51840,"Winchester city, Virginia",2573,239,2411,243,162,115,2442,242,2295,197,147,105,93.70384764865915,93.98034398034399,5015,4706,93.83848454636092
2022,51001,"Accomack County, Virginia",2502,145,2281,167,221,104,2491,204,2344,219,147,86,91.16706634692247,94.09875551987153,4993,4625,92.62968155417585
2022,51003,"Albemarle County, Virginia",9534,385,9108,446,426,172,9539,388,9202,441,337,177,95.53178099433606,96.46713491980292,19073,18310,95.99958055890527
2022,51005,"Alleghany County, Virginia",1275,106,1195,141,80,71,935,97,874,91,61,58,93.72549019607843,93.47593582887701,2210,2069,93.61990950226244
2022,51007,"Amelia County, Virginia",899,131,899,131,0,21,1187,167,1171,170,16,27,100,98.65206402695873,2086,2070,99.23298178331736
2022,51009,"Amherst County, Virginia",2411,151,2335,151,76,54,2226,128,2028,137,198,108,96.84778100373289,91.10512129380054,4637,4363,94.09100711667026
2022,51011,"Appomattox County, Virginia",1272,107,1239,114,33,32,1383,113,1295,119,88,55,97.40566037735849,93.63702096890817,2655,2534,95.44256120527307
2022,51013,"Arlington County, Virginia",14964,310,14458,359,506,250,14480,328,14001,378,479,205,96.61855118952151,96.69198895027624,29444,28459,96.65466648553186
2022,51015,"Augusta County, Virginia",5411,349,5178,335,233,118,5437,221,5188,204,249,113,95.69395675475883,95.42026853043957,10848,10366,95.55678466076697
2022,51017,"Bath County, Virginia",267,127,267,127,0,13,175,53,175,53,0,13,100,100,442,442,100
2022,51019,"Bedford County, Virginia",5690,361,5614,372,76,67,5747,188,5553,213,194,125,98.66432337434094,96.62432573516617,11437,11167,97.63924105971846
2022,51021,"Bland County, Virginia",303,102,291,103,12,20,367,102,340,103,27,32,96.03960396039604,92.64305177111717,670,631,94.17910447761194
2022,51023,"Botetourt County, Virginia",2706,150,2666,165,40,65,2593,94,2554,100,39,31,98.52180339985217,98.49595063632857,5299,5220,98.50915267031516
2022,51025,"Brunswick County, Virginia",791,96,780,96,11,14,1086,158,1086,158,0,21,98.60935524652339,100,1877,1866,99.41395844432606
2022,51027,"Buchanan County, Virginia",1301,66,1282,67,19,29,1215,72,1125,110,90,73,98.53958493466564,92.5925925925926,2516,2407,95.6677265500795
2022,51029,"Buckingham County, Virginia",1104,104,988,131,116,115,1136,105,1004,139,132,97,89.4927536231884,88.38028169014085,2240,1992,88.92857142857142
2022,51031,"Campbell County, Virginia",4160,217,4034,256,126,85,3983,215,3803,242,180,114,96.97115384615384,95.48079337183027,8143,7837,96.24217118997912
2022,51033,"Caroline County, Virginia",2671,189,2494,216,177,197,2611,171,2540,170,71,99,93.37326843878697,97.28073535044044,5282,5034,95.30480878455131
2022,51035,"Carroll County, Virginia",2143,131,2074,132,69,84,1714,119,1646,133,68,87,96.7802146523565,96.03267211201867,3857,3720,96.44801659320716
2022,51036,"Charles City County, Virginia",408,40,363,46,45,32,378,51,372,51,6,6,88.97058823529412,98.4126984126984,786,735,93.51145038167938
2022,51037,"Charlotte County, Virginia",1250,107,1191,94,59,56,808,97,800,98,8,13,95.28,99.00990099009901,2058,1991,96.7444120505345
2022,51041,"Chesterfield County, Virginia",33621,559,31453,701,2168,458,32652,591,30811,699,1841,409,93.55164926682728,94.36175425701336,66273,62264,93.950779352074
2022,51043,"Clarke County, Virginia",1079,95,1030,90,49,49,1364,149,1362,150,2,4,95.45875810936052,99.8533724340176,2443,2392,97.91240278346297
2022,51045,"Craig County, Virginia",460,155,460,155,0,13,352,120,352,120,0,13,100,100,812,812,100
2022,51047,"Culpeper County, Virginia",4800,271,4248,269,552,253,4831,245,4464,246,367,166,88.5,92.40322914510453,9631,8712,90.45789637628492
2022,51049,"Cumberland County, Virginia",835,155,734,174,101,91,683,136,560,120,123,99,87.90419161676647,81.99121522693997,1518,1294,85.24374176548089
2022,51051,"Dickenson County, Virginia",1157,65,1121,81,36,36,981,72,963,80,18,20,96.88850475367329,98.1651376146789,2138,2084,97.47427502338635
2022,51053,"Dinwiddie County, Virginia",2443,197,2300,256,143,165,2114,153,2072,155,42,43,94.14654113794515,98.01324503311258,4557,4372,95.94031160851438
2022,51057,"Essex County, Virginia",752,116,752,116,0,21,845,128,832,133,13,21,100,98.46153846153847,1597,1584,99.18597370068879
2022,51059,"Fairfax County, Virginia",102732,897,96506,1068,6226,848,95416,900,90126,1112,5290,750,93.93957092240002,94.45585646013247,198148,186632,94.1881825706038
2022,51061,"Fauquier County, Virginia",6466,189,5942,222,524,169,6584,179,6111,214,473,170,91.89607175997526,92.81591737545565,13050,12053,92.36015325670498
2022,51063,"Floyd County, Virginia",1093,82,1093,82,0,21,1085,77,984,97,101,73,100,90.69124423963135,2178,2077,95.36271808999082
2022,51065,"Fluvanna County, Virginia",1935,178,1725,191,210,157,1760,205,1637,224,123,165,89.14728682170544,93.01136363636363,3695,3362,90.98782138024357
2022,51067,"Franklin County, Virginia",4232,215,3915,239,317,145,3573,205,3426,232,147,105,92.50945179584122,95.88581024349287,7805,7341,94.05509288917361
2022,51069,"Frederick County, Virginia",8091,261,7649,284,442,202,7322,256,7033,318,289,157,94.53714003213447,96.05299098606937,15413,14682,95.2572503730617
2022,51071,"Giles County, Virginia",1305,108,1261,131,44,59,1191,82,1175,89,16,32,96.62835249042145,98.65659109991604,2496,2436,97.59615384615384
2022,51073,"Gloucester County, Virginia",3287,185,3236,185,51,44,2759,165,2737,166,22,27,98.44843322178278,99.20260964117433,6046,5973,98.79259014224282
2022,51075,"Goochland County, Virginia",1911,242,1825,257,86,106,1677,135,1661,136,16,25,95.49973835688121,99.04591532498509,3588,3486,97.15719063545151
2022,51077,"Grayson County, Virginia",881,92,840,113,41,40,924,77,810,90,114,67,95.34619750283768,87.66233766233766,1805,1650,91.41274238227147
2022,51079,"Greene County, Virginia",1732,178,1681,166,51,69,2082,223,2035,251,47,59,97.05542725173211,97.74255523535062,3814,3716,97.43051914001049
2022,51081,"Greensville County, Virginia",596,108,581,101,15,20,733,98,713,99,20,25,97.48322147651007,97.27148703956344,1329,1294,97.36644093303235
2022,51083,"Halifax County, Virginia",2777,174,2560,254,217,164,2552,125,2513,134,39,39,92.18581202736766,98.4717868338558,5329,5073,95.19609682867329
2022,51085,"Hanover County, Virginia",9828,275,9386,339,442,183,9131,294,8877,329,254,170,95.5026455026455,97.21826744058701,18959,18263,96.32892030170368
2022,51087,"Henrico County, Virginia",27933,550,26946,586,987,231,26849,475,26207,548,642,217,96.46654494683708,97.60884949160118,54782,53153,97.02639553137892
2022,51089,"Henry County, Virginia",3974,149,3895,177,79,86,3898,212,3833,228,65,50,98.01207851031705,98.33247819394562,7872,7728,98.17073170731707
2022,51091,"Highland County, Virginia",58,34,52,33,6,11,143,84,106,67,37,51,89.65517241379311,74.12587412587412,201,158,78.60696517412936
2022,51093,"Isle of Wight County, Virginia",3318,251,3017,353,301,215,3039,211,2762,197,277,151,90.92827004219409,90.88515959197105,6357,5779,90.90766084631116
2022,51095,"James City County, Virginia",5939,269,5706,302,233,177,5914,308,5694,345,220,109,96.07678060279508,96.28001352722355,11853,11400,96.1781827385472
2022,51097,"King and Queen County, Virginia",455,100,382,78,73,47,423,60,419,62,4,8,83.95604395604396,99.05437352245863,878,801,91.23006833712985
2022,51099,"King George County, Virginia",2475,136,2475,136,0,25,2638,119,2554,108,84,62,100,96.81576952236543,5113,5029,98.3571288871504
2022,51101,"King William County, Virginia",1610,207,1601,211,9,13,1521,140,1365,135,156,132,99.44099378881988,89.74358974358975,3131,2966,94.73011817310764
2022,51103,"Lancaster County, Virginia",601,82,601,82,0,21,650,80,519,101,131,78,100,79.84615384615384,1251,1120,89.52837729816146
2022,51105,"Lee County, Virginia",1615,96,1527,95,88,63,1445,83,1410,92,35,34,94.55108359133126,97.57785467128028,3060,2937,95.98039215686275
2022,51107,"Loudoun County, Virginia",44513,570,43145,643,1368,363,42525,528,41047,691,1478,393,96.92674050277446,96.5243974132863,87038,84192,96.73016383648522
2022,51109,"Louisa County, Virginia",2821,169,2715,186,106,79,2778,138,2660,179,118,92,96.24246721020914,95.75233981281498,5599,5375,95.99928558671192
2022,51111,"Lunenburg County, Virginia",965,115,811,94,154,107,847,87,800,89,47,44,84.04145077720207,94.45100354191264,1812,1611,88.90728476821192
2022,51113,"Madison County, Virginia",1025,132,982,126,43,40,1040,166,1018,165,22,22,95.80487804878048,97.88461538461539,2065,2000,96.85230024213075
2022,51115,"Mathews County, Virginia",686,175,625,146,61,75,333,84,333,84,0,19,91.10787172011662,100,1019,958,94.01373895976447
2022,51117,"Mecklenburg County, Virginia",2240,134,2068,157,172,71,1893,102,1845,105,48,38,92.32142857142858,97.46434231378764,4133,3913,94.67699007984514
2022,51119,"Middlesex County, Virginia",709,71,709,71,0,21,579,72,547,73,32,24,100,94.47322970639033,1288,1256,97.51552795031056
2022,51121,"Montgomery County, Virginia",7860,487,7735,480,125,89,7362,366,7127,339,235,116,98.40966921119593,96.80793262700354,15222,14862,97.6350019708317
2022,51125,"Nelson County, Virginia",1205,158,1078,168,127,83,788,99,746,102,42,70,89.46058091286308,94.67005076142132,1993,1824,91.52032112393377
2022,51127,"New Kent County, Virginia",1904,176,1831,184,73,91,1481,107,1444,107,37,39,96.16596638655463,97.5016880486158,3385,3275,96.7503692762186
2022,51131,"Northampton County, Virginia",891,110,812,99,79,78,738,108,717,108,21,19,91.13355780022447,97.15447154471545,1629,1529,93.86126457949663
2022,51133,"Northumberland County, Virginia",460,156,460,156,0,21,969,181,969,181,0,21,100,100,1429,1429,100
2022,51135,"Nottoway County, Virginia",1072,133,811,159,261,101,1239,160,1162,158,77,59,75.65298507462687,93.78531073446328,2311,1973,85.37429684119428
2022,51137,"Orange County, Virginia",2951,214,2846,204,105,91,2849,200,2803,220,46,59,96.44188410708234,98.38539838539837,5800,5649,97.39655172413794
2022,51139,"Page County, Virginia",1858,93,1754,116,104,59,1605,127,1462,137,143,74,94.40258342303552,91.09034267912773,3463,3216,92.86745596303783
2022,51141,"Patrick County, Virginia",1241,155,1204,165,37,50,1013,51,990,53,23,28,97.01853344077357,97.72951628825271,2254,2194,97.33806566104703
2022,51143,"Pittsylvania County, Virginia",4451,153,4349,173,102,79,4275,198,4045,233,230,119,97.70838013929453,94.61988304093568,8726,8394,96.19527847811139
2022,51145,"Powhatan County, Virginia",2237,133,2207,142,30,32,1957,170,1843,120,114,135,98.65891819400984,94.1747572815534,4194,4050,96.56652360515021
2022,51147,"Prince Edward County, Virginia",1704,225,1622,238,82,59,1654,198,1609,194,45,64,95.18779342723005,97.27932285368803,3358,3231,96.21798689696249
2022,51149,"Prince George County, Virginia",3611,328,3581,338,30,46,3322,191,3195,206,127,71,99.16920520631403,96.17700180614088,6933,6776,97.73546805134862
2022,51153,"Prince William County, Virginia",49113,546,45685,936,3428,613,46208,546,42754,858,3454,678,93.0201779569564,92.52510387811634,95321,88439,92.78018484908887
2022,51155,"Pulaski County, Virginia",2290,131,2264,138,26,26,2196,129,2157,136,39,45,98.8646288209607,98.224043715847,4486,4421,98.5510477039679
2022,51157,"Rappahannock County, Virginia",559,137,421,95,138,89,419,99,374,101,45,36,75.31305903398928,89.26014319809069,978,795,81.28834355828221
2022,51159,"Richmond County, Virginia",720,150,706,159,14,25,429,144,412,137,17,29,98.05555555555556,96.03729603729604,1149,1118,97.30200174064404
2022,51161,"Roanoke County, Virginia",7731,302,7442,303,289,157,7391,245,7116,239,275,150,96.26180313025482,96.27925855770532,15122,14558,96.27033461182384
2022,51163,"Rockbridge County, Virginia",1486,105,1473,108,13,15,1486,160,1439,166,47,47,99.12516823687753,96.83714670255719,2972,2912,97.98115746971736
2022,51165,"Rockingham County, Virginia",7257,192,6629,269,628,204,6809,209,6323,278,486,177,91.34628634421938,92.86238801586137,14066,12952,92.08019337409355
2022,51167,"Russell County, Virginia",1691,138,1629,154,62,46,1709,89,1635,121,74,68,96.33353045535186,95.66998244587478,3400,3264,96
2022,51169,"Scott County, Virginia",1639,125,1572,135,67,52,1417,55,1307,125,110,113,95.91214154972543,92.23712067748765,3056,2879,94.20811518324608
2022,51171,"Shenandoah County, Virginia",3531,179,3378,196,153,121,3357,217,3284,222,73,61,95.66694987255735,97.82543938039917,6888,6662,96.71893147502904
2022,51173,"Smyth County, Virginia",2225,94,2141,98,84,45,2117,122,2061,129,56,42,96.2247191011236,97.3547472838923,4342,4202,96.77567941040995
2022,51175,"Southampton County, Virginia",1373,135,1216,148,157,90,1248,100,1187,92,61,48,88.56518572469045,95.11217948717949,2621,2403,91.68256390690576
2022,51177,"Spotsylvania County, Virginia",13560,221,12956,306,604,219,12921,286,12334,351,587,288,95.54572271386431,95.45700797151923,26481,25290,95.50243570862128
2022,51179,"Stafford County, Virginia",16323,271,15535,382,788,280,15655,275,15001,312,654,183,95.17245604361943,95.82242095177259,31978,30536,95.49064982175246
2022,51181,"Surry County, Virginia",375,63,375,63,0,19,417,50,399,56,18,22,100,95.68345323741008,792,774,97.72727272727273
2022,51183,"Sussex County, Virginia",663,128,618,137,45,41,677,86,590,63,87,77,93.21266968325791,87.14918759231905,1340,1208,90.14925373134328
2022,51185,"Tazewell County, Virginia",3354,166,3210,176,144,83,2801,152,2759,151,42,43,95.70661896243293,98.5005355230275,6155,5969,96.97806661251015
2022,51187,"Warren County, Virginia",3214,231,3063,245,151,99,3130,160,2991,173,139,75,95.30180460485377,95.5591054313099,6344,6054,95.42875157629256
2022,51191,"Washington County, Virginia",3789,154,3532,182,257,144,3447,218,3278,230,169,109,93.21720770651886,95.09718595880476,7236,6810,94.11276948590381
2022,51193,"Westmoreland County, Virginia",1394,165,1300,187,94,67,1077,181,1077,181,0,21,93.2568149210904,100,2471,2377,96.19587211655201
2022,51195,"Wise County, Virginia",2442,160,2421,159,21,29,2760,160,2692,166,68,58,99.14004914004913,97.53623188405797,5202,5113,98.28911956939639
2022,51197,"Wythe County, Virginia",2058,152,1883,154,175,92,1981,104,1728,154,253,120,91.49659863945578,87.22867238768299,4039,3611,89.40331765288437
2022,51199,"York County, Virginia",6673,218,6515,224,158,95,6318,230,6219,235,99,64,97.63224936310505,98.43304843304843,12991,12734,98.02170733584789
2022,51510,"Alexandria city, Virginia",9096,206,8662,270,434,197,8355,326,7676,414,679,320,95.22867194371152,91.87312986235787,17451,16338,93.62214199759326
2022,51520,"Bristol city, Virginia",1237,145,1161,167,76,78,1431,176,1356,198,75,70,93.85610347615197,94.75890985324948,2668,2517,94.34032983508246
2022,51530,"Buena Vista city, Virginia",675,156,675,156,0,19,606,157,599,158,7,12,100,98.84488448844884,1281,1274,99.4535519125683
2022,51540,"Charlottesville city, Virginia",2249,198,2154,217,95,102,2491,146,2394,137,97,72,95.77590040017786,96.10598153352068,4740,4548,95.9493670886076
2022,51550,"Chesapeake city, Virginia",22710,475,21664,576,1046,325,21900,405,21121,451,779,235,95.39409951563188,96.44292237442922,44610,42785,95.90898901591571
2022,51570,"Colonial Heights city, Virginia",1461,152,1307,155,154,67,1432,140,1268,167,164,98,89.45927446954141,88.54748603351955,2893,2575,89.00795022468027
2022,51580,"Covington city, Virginia",533,122,480,124,53,59,492,42,481,42,11,21,90.0562851782364,97.76422764227642,1025,961,93.7560975609756
2022,51590,"Danville city, Virginia",3420,207,3301,210,119,82,3328,196,3198,221,130,130,96.52046783625731,96.09375,6748,6499,96.31001778304683
2022,51595,"Emporia city, Virginia",680,150,651,156,29,37,483,59,483,59,0,19,95.73529411764706,100,1163,1134,97.50644883920894
2022,51600,"Fairfax city, Virginia",1910,180,1791,174,119,94,1723,125,1619,149,104,92,93.7696335078534,93.96401625072548,3633,3410,93.8618221855216
2022,51610,"Falls Church city, Virginia",1629,161,1629,161,0,21,1365,120,1365,120,0,21,100,100,2994,2994,100
2022,51620,"Franklin city, Virginia",739,139,708,131,31,40,622,83,622,83,0,19,95.80514208389715,100,1361,1330,97.72226304188098
2022,51630,"Fredericksburg city, Virginia",2042,270,1936,284,106,135,2411,230,2322,229,89,101,94.80901077375123,96.30858564910825,4453,4258,95.62092971030765
2022,51640,"Galax city, Virginia",584,148,503,112,81,109,587,169,524,168,63,70,86.13013698630137,89.26746166950596,1171,1027,87.70281810418446
2022,51650,"Hampton city, Virginia",10657,391,10470,402,187,114,10880,332,10529,354,351,152,98.24528478934033,96.77389705882354,21537,20999,97.50197334819148
2022,51660,"Harrisonburg city, Virginia",4275,413,3956,419,319,165,5097,402,4636,464,461,207,92.53801169590643,90.95546399843045,9372,8592,91.67733674775928
2022,51670,"Hopewell city, Virginia",2387,284,2254,259,133,107,1941,210,1931,212,10,16,94.42815249266863,99.48480164863473,4328,4185,96.69593345656192
2022,51678,"Lexington city, Virginia",514,180,498,181,16,35,587,258,587,258,0,19,96.88715953307393,100,1101,1085,98.54677565849228
2022,51680,"Lynchburg city, Virginia",6036,272,5813,320,223,119,6608,372,6347,345,261,122,96.30550033134526,96.0502421307506,12644,12160,96.17209743751978
2022,51683,"Manassas city, Virginia",4343,209,3365,307,978,251,3771,192,3187,291,584,242,77.48100391434492,84.51339167329621,8114,6552,80.74932215923096
2022,51685,"Manassas Park city, Virginia",1513,204,1305,257,208,108,1590,244,1293,265,297,144,86.25247851949769,81.32075471698114,3103,2598,83.72542700612311
2022,51690,"Martinsville city, Virginia",1192,210,1038,207,154,140,1267,149,1193,154,74,54,87.08053691275168,94.1594317284925,2459,2231,90.72793818625458
2022,51700,"Newport News city, Virginia",15904,338,15256,390,648,231,14664,417,13813,443,851,289,95.92555331991952,94.19667212220403,30568,29069,95.09617901073017
2022,51710,"Norfolk city, Virginia",16548,385,15534,419,1014,279,16276,483,15541,507,735,237,93.8723712835388,95.48414843942,32824,31075,94.671581769437
2022,51720,"Norton city, Virginia",284,97,252,95,32,39,230,117,230,117,0,13,88.73239436619718,100,514,482,93.77431906614785
2022,51730,"Petersburg city, Virginia",2548,179,2251,185,297,138,2102,189,1989,190,113,98,88.34379905808477,94.62416745956233,4650,4240,91.18279569892474
2022,51735,"Poquoson city, Virginia",1157,114,1144,113,13,26,1089,88,1089,88,0,21,98.87640449438202,100,2246,2233,99.42119323241317
2022,51740,"Portsmouth city, Virginia",7821,266,7493,371,328,231,7459,270,7106,339,353,203,95.80616289477048,95.2674621262904,15280,14599,95.54319371727749
2022,51750,"Radford city, Virginia",993,139,973,145,20,28,1597,228,1574,228,23,30,97.98590130916415,98.55979962429555,2590,2547,98.33976833976834
2022,51760,"Richmond city, Virginia",13639,491,12434,601,1205,377,13742,498,12711,528,1031,355,91.16504142532443,92.49745306360064,27381,25145,91.8337533326029
2022,51770,"Roanoke city, Virginia",7501,267,7084,349,417,249,7724,312,7378,323,346,160,94.44074123450207,95.52045572242362,15225,14462,94.98850574712644
2022,51775,"Salem city, Virginia",1936,141,1821,165,115,71,2039,164,1902,158,137,100,94.05991735537191,93.28102010789603,3975,3723,93.66037735849056
2022,51790,"Staunton city, Virginia",1528,161,1473,164,55,43,1980,166,1889,172,91,57,96.40052356020942,95.4040404040404,3508,3362,95.83808437856328
2022,51800,"Suffolk city, Virginia",8380,237,8085,267,295,182,8108,243,7677,267,431,196,96.47971360381862,94.68426245683276,16488,15762,95.59679767103349
2022,51810,"Virginia Beach city, Virginia",37444,491,35948,604,1496,293,35315,449,33732,577,1583,368,96.00470035252644,95.51748548775308,72759,69680,95.76822111353923
2022,51820,"Waynesboro city, Virginia",1931,163,1734,178,197,126,1484,223,1354,184,130,114,89.79803210771621,91.2398921832884,3415,3088,90.42459736456809
2022,51830,"Williamsburg city, Virginia",1187,224,1085,228,102,102,1229,237,1195,237,34,46,91.40690817186183,97.23352318958503,2416,2280,94.37086092715232
2022,51840,"Winchester city, Virginia",2515,238,2173,237,342,180,2419,252,2223,237,196,111,86.40159045725646,91.89747829681687,4934,4396,89.09606809890556
2023,51001,"Accomack County, Virginia",2567,162,2411,175,156,73,2571,187,2490,197,81,53,93.92286716010908,96.8494749124854,5138,4901,95.38731023744647
2023,51003,"Albemarle County, Virginia",9657,304,9166,361,491,191,9625,380,9305,419,320,190,94.91560526043284,96.67532467532467,19282,18471,95.79400477128928
2023,51005,"Alleghany County, Virginia",1177,114,1107,138,70,60,901,67,874,57,27,27,94.05267629566694,97.0033296337403,2078,1981,95.3320500481232
2023,51007,"Amelia County, Virginia",1057,143,949,165,108,124,949,175,918,177,31,40,89.78240302743615,96.73340358271865,2006,1867,93.07078763708874
2023,51009,"Amherst County, Virginia",2523,159,2449,155,74,64,2304,98,2175,107,129,71,97.06698374950456,94.40104166666666,4827,4624,95.79448933084733
2023,51011,"Appomattox County, Virginia",1290,52,1264,54,26,25,1388,103,1343,104,45,33,97.98449612403101,96.75792507204612,2678,2607,97.34876773711724
2023,51013,"Arlington County, Virginia",15085,380,14692,452,393,255,14793,294,14268,350,525,200,97.39476300961219,96.4510241330359,29878,28960,96.92750518776357
2023,51015,"Augusta County, Virginia",5372,415,5043,406,329,148,5324,236,5009,261,315,129,93.87565152643336,94.08339594290007,10696,10052,93.97905759162303
2023,51017,"Bath County, Virginia",325,138,325,138,0,13,228,84,223,83,5,11,100,97.80701754385966,553,548,99.09584086799276
2023,51019,"Bedford County, Virginia",5863,354,5750,362,113,59,5851,179,5605,181,246,121,98.0726590482688,95.79559049735089,11714,11355,96.93529110466109
2023,51021,"Bland County, Virginia",286,95,272,88,14,26,338,64,325,67,13,26,95.1048951048951,96.15384615384616,624,597,95.67307692307693
2023,51023,"Botetourt County, Virginia",2687,139,2643,155,44,70,2433,87,2394,86,39,34,98.36248604391514,98.39704069050555,5120,5037,98.37890625
2023,51025,"Brunswick County, Virginia",867,146,852,147,15,19,878,115,861,117,17,29,98.26989619377161,98.063781321184507,1745,1713,98.16618911174785
2023,51027,"Buchanan County, Virginia",1290,70,1251,78,39,49,1201,60,1126,84,75,59,96.97674418604652,93.75520399666945,2491,2377,95.42352468887997
2023,51029,"Buckingham County, Virginia",1088,99,984,134,104,111,1111,107,993,149,118,100,90.44117647058823,89.37893789378938,2199,1977,89.90450204638472
2023,51031,"Campbell County, Virginia",4302,253,4280,256,22,22,3933,210,3810,229,123,99,99.488609948861,96.87261632341723,8235,8090,98.23922282938676
2023,51033,"Caroline County, Virginia",2712,125,2522,148,190,154,2437,123,2351,155,86,87,92.99410029498524,96.4710709889208,5149,4873,94.63973587104292
2023,51035,"Carroll County, Virginia",2180,122,2139,122,41,41,1708,108,1591,124,117,90,98.11926605504587,93.14988290398126,3888,3730,95.93621399176955
2023,51036,"Charles City County, Virginia",378,31,353,38,25,25,364,38,359,38,5,6,93.38624338624338,98.62637362637363,742,712,95.95687331536388
2023,51037,"Charlotte County, Virginia",1147,100,1091,89,56,49,840,71,806,68,34,37,95.1176983435048,95.95238095238095,1987,1897,95.47055863110216
2023,51041,"Chesterfield County, Virginia",34373,436,32392,596,1981,429,33295,584,31326,738,1969,510,94.23675559305269,94.08619912899835,67668,63718,94.16267659750547
2023,51043,"Clarke County, Virginia",994,93,922,87,72,60,1409,120,1406,120,3,5,92.75653923541248,99.78708303761533,2403,2328,96.8789013732834
2023,51045,"Craig County, Virginia",463,151,463,151,0,13,333,118,333,118,0,13,100,100,796,796,100
2023,51047,"Culpeper County, Virginia",4955,368,4296,272,659,333,4956,262,4469,338,487,218,86.70030272452068,90.17352703793382,9911,8765,88.43709010190696
2023,51049,"Cumberland County, Virginia",837,187,792,192,45,65,629,145,591,147,38,50,94.6236559139785,93.95866454689984,1466,1383,94.33833560709414
2023,51051,"Dickenson County, Virginia",1186,64,1179,62,7,12,986,86,975,85,11,10,99.4097807757167,98.88438133874239,2172,2154,99.17127071823204
2023,51053,"Dinwiddie County, Virginia",2339,235,2271,266,68,74,2068,124,2059,125,9,11,97.09277469003848,99.56479690522244,4407,4330,98.25277966870887
2023,51057,"Essex County, Virginia",650,110,650,110,0,21,905,133,891,129,14,23,100,98.45303867403314,1555,1541,99.09967845659165
2023,51059,"Fairfax County, Virginia",102978,840,96608,1095,6370,839,96002,927,90520,1160,5482,696,93.8142127444697,94.2897022978688,198980,187128,94.04362247462058
2023,51061,"Fauquier County, Virginia",6406,181,5924,258,482,197,6756,156,6281,228,475,176,92.47580393381205,92.9692125518058,13162,12205,92.72906853061845
2023,51063,"Floyd County, Virginia",1173,114,1173,114,0,21,1126,106,1050,113,76,66,100,93.25044404973357,2299,2223,96.69421487603306
2023,51065,"Fluvanna County, Virginia",1875,187,1703,215,172,129,1815,181,1711,190,104,100,90.82666666666667,94.26997245179064,3690,3414,92.52032520325203
2023,51067,"Franklin County, Virginia",4072,196,3883,215,189,116,3524,200,3354,235,170,118,95.35854616895875,95.17593643586834,7596,7237,95.27382833070037
2023,51069,"Frederick County, Virginia",8428,234,7952,294,476,255,7321,203,7106,238,215,106,94.35215946843853,97.0632427264035,15749,15058,95.61241983618007
2023,51071,"Giles County, Virginia",1222,73,1174,116,48,72,1177,98,1137,105,40,43,96.07201309328968,96.60152931180968,2399,2311,96.33180491871613
2023,51073,"Gloucester County, Virginia",3286,181,3212,193,74,51,2929,162,2923,162,6,9,97.74802191113817,99.795151928986,6215,6135,98.71279163314561
2023,51075,"Goochland County, Virginia",1769,246,1666,211,103,130,1726,163,1711,163,15,24,94.17750141322782,99.13093858632676,3495,3377,96.62374821173104
2023,51077,"Grayson County, Virginia",902,118,858,143,44,44,890,93,813,113,77,50,95.1219512195122,91.34831460674158,1792,1671,93.24776785714286
2023,51079,"Greene County, Virginia",1641,168,1587,149,54,67,1996,147,1884,185,112,92,96.70932358318099,94.38877755511022,3637,3471,95.43579873522134
2023,51081,"Greensville County, Virginia",794,100,782,100,12,21,632,88,624,90,8,13,98.48866498740554,98.73417721518987,1426,1406,98.59747545582047
2023,51083,"Halifax County, Virginia",2647,169,2356,251,291,180,2464,115,2368,130,96,57,89.00642236494144,96.1038961038961,5111,4724,92.42809626296223
2023,51085,"Hanover County, Virginia",9971,212,9512,327,459,233,9197,297,8850,329,347,151,95.3966502858289,96.22703055344134,19168,18362,95.79507512520868
2023,51087,"Henrico County, Virginia",27724,573,26646,617,1078,250,27089,523,25945,608,1144,304,96.11167219737412,95.7768836058917,54813,52591,95.94621713827011
2023,51089,"Henry County, Virginia",3743,152,3743,152,0,31,3947,257,3891,259,56,47,100,98.58120091208514,7690,7634,99.27178153446033
2023,51091,"Highland County, Virginia",62,28,55,24,7,12,166,84,125,59,41,58,88.70967741935483,75.30120481927712,228,180,78.94736842105263
2023,51093,"Isle of Wight County, Virginia",3399,255,3306,272,93,73,3096,178,2923,195,173,146,97.2639011473963,94.41214470284238,6495,6229,95.90454195535027
2023,51095,"James City County, Virginia",5882,343,5661,370,221,159,6081,266,6008,265,73,63,96.24277456647398,98.79953954941621,11963,11669,97.54242246928028
2023,51097,"King and Queen County, Virginia",320,83,293,74,27,24,481,59,474,63,7,11,91.5625,98.54469854469855,801,767,95.75530586766541
2023,51099,"King George County, Virginia",2635,145,2635,145,0,25,2661,148,2478,135,183,90,100,93.1228861330327,5296,5113,96.54456193353475
2023,51101,"King William County, Virginia",1603,180,1593,182,10,17,1566,72,1457,90,109,75,99.37616968184653,93.03959131545338,3169,3050,96.244872199432
2023,51103,"Lancaster County, Virginia",555,94,555,94,0,21,729,85,646,108,83,68,100,88.61454046639233,1284,1201,93.53582554517133
2023,51105,"Lee County, Virginia",1568,91,1518,94,50,41,1410,102,1382,112,28,35,96.81122448979592,98.01418439716312,2978,2900,97.38079247817328
2023,51107,"Loudoun County, Virginia",45062,570,43626,619,1436,353,43080,580,41692,671,1388,327,96.81327948160312,96.77808727948005,88142,85318,96.79607905425335
2023,51109,"Louisa County, Virginia",2985,156,2882,171,103,70,2859,123,2770,157,89,99,96.54941373534338,96.8870234347674,5844,5652,96.71457905544148
2023,51111,"Lunenburg County, Virginia",968,104,835,99,133,102,857,81,817,92,40,38,86.2603305785124,95.33255542590432,1825,1652,90.52054794520548
2023,51113,"Madison County, Virginia",1100,97,1038,97,62,37,1046,197,1025,198,21,23,94.36363636363636,97.99235181644359,2146,2063,96.13233923578751
2023,51115,"Mathews County, Virginia",684,197,617,175,67,76,318,103,318,103,0,19,90.2046783625731,100,1002,935,93.31337325349301
2023,51117,"Mecklenburg County, Virginia",2251,168,2082,173,169,78,1969,111,1882,106,87,57,92.49222567747668,95.58151345860844,4220,3964,93.93364928909953
2023,51119,"Middlesex County, Virginia",683,64,671,64,12,20,598,72,566,74,32,28,98.24304538799414,94.64882943143813,1281,1237,96.56518345042934
2023,51121,"Montgomery County, Virginia",8010,440,7839,440,171,108,7455,399,7175,453,280,162,97.86516853932584,96.24413145539906,15465,15014,97.08373747171032
2023,51125,"Nelson County, Virginia",1109,136,875,165,234,141,714,141,662,128,52,64,78.89990982867448,92.71708683473389,1823,1537,84.31157432803072
2023,51127,"New Kent County, Virginia",2133,169,2033,196,100,124,1492,127,1446,134,46,47,95.3117674636662,96.91689008042896,3625,3479,95.97241379310346
2023,51131,"Northampton County, Virginia",1009,182,935,176,74,63,635,169,618,168,17,20,92.66600594648166,97.32283464566929,1644,1553,94.4647201946472
2023,51133,"Northumberland County, Virginia",511,213,511,213,0,21,784,257,766,257,18,38,100,97.70408163265306,1295,1277,98.61003861003861
2023,51135,"Nottoway County, Virginia",1095,135,981,163,114,75,1187,165,1140,161,47,48,89.58904109589041,96.04043807919123,2282,2121,92.94478527607362
2023,51137,"Orange County, Virginia",3196,212,3031,227,165,116,2601,216,2536,213,65,77,94.83729662077597,97.50096116878125,5797,5567,96.03243056753493
2023,51139,"Page County, Virginia",1832,106,1739,109,93,43,1627,108,1579,113,48,34,94.92358078602619,97.04978488014751,3459,3318,95.92367736339983
2023,51141,"Patrick County, Virginia",1204,148,1164,162,40,59,1074,64,1074,64,0,21,96.67774086378738,100,2278,2238,98.24407374890255
2023,51143,"Pittsylvania County, Virginia",4383,133,4278,125,105,65,4281,146,4109,197,172,112,97.6043805612594,95.98224713851904,8664,8387,96.80286241920591
2023,51145,"Powhatan County, Virginia",2262,139,2229,138,33,39,2079,191,1957,184,122,90,98.54111405835543,94.13179413179414,4341,4186,96.42939414881364
2023,51147,"Prince Edward County, Virginia",1603,207,1542,201,61,38,1765,252,1685,242,80,79,96.19463505926387,95.46742209631728,3368,3227,95.81353919239905
2023,51149,"Prince George County, Virginia",3531,350,3460,351,71,90,3041,178,2907,201,134,88,97.98923817615406,95.5935547517264,6572,6367,96.88070602556299
2023,51153,"Prince William County, Virginia",49630,604,46274,866,3356,704,46743,577,43412,832,3331,573,93.23796091073947,92.87379928545451,96373,89686,93.06133460616563
2023,51155,"Pulaski County, Virginia",2227,118,2181,121,46,39,2276,124,2219,141,57,47,97.9344409519533,97.49560632688929,4503,4400,97.71263602043082
2023,51157,"Rappahannock County, Virginia",599,123,459,103,140,112,434,89,397,97,37,35,76.62771285475793,91.47465437788019,1033,856,82.86544046466602
2023,51159,"Richmond County, Virginia",734,160,708,164,26,35,520,166,473,160,47,51,96.45776566757493,90.96153846153847,1254,1181,94.17862838915471
2023,51161,"Roanoke County, Virginia",7687,309,7295,333,392,175,7411,255,7145,276,266,149,94.90048133211916,96.4107407907165,15098,14440,95.64180686183602
2023,51163,"Rockbridge County, Virginia",1654,68,1641,66,13,15,1433,168,1371,176,62,55,99.21402660217655,95.67341242149338,3087,3012,97.57045675413022
2023,51165,"Rockingham County, Virginia",7383,217,6596,255,787,186,6748,297,6064,342,684,189,89.34037654070161,89.86366330764672,14131,12660,89.59026254334442
2023,51167,"Russell County, Virginia",1826,118,1780,131,46,45,1673,92,1623,137,50,62,97.48083242059145,97.01135684399283,3499,3403,97.25635895970277
2023,51169,"Scott County, Virginia",1611,92,1523,138,88,83,1437,58,1322,129,115,114,94.53755431409063,91.9972164231037,3048,2845,93.33989501312337
2023,51171,"Shenandoah County, Virginia",3607,195,3438,221,169,138,3392,171,3290,169,102,78,95.31466592736346,96.99292452830188,6999,6728,96.1280182883269
2023,51173,"Smyth County, Virginia",2248,80,2183,89,65,42,2092,132,2056,137,36,33,97.10854092526691,98.2791586998088,4340,4239,97.67281105990784
2023,51175,"Southampton County, Virginia",1427,189,1280,166,147,109,1242,119,1199,125,43,42,89.69866853538892,96.5378421900161,2669,2479,92.8812289246909
2023,51177,"Spotsylvania County, Virginia",14056,242,13525,312,531,180,13065,308,12636,321,429,246,96.22225384177575,96.71641791044776,27121,26161,96.460307510785
2023,51179,"Stafford County, Virginia",16986,294,16329,320,657,207,16055,239,15432,308,623,227,96.13210879547863,96.11958891311117,33041,31761,96.12602524136679
2023,51181,"Surry County, Virginia",340,96,340,96,0,19,448,82,448,82,0,19,100,100,788,788,100
2023,51183,"Sussex County, Virginia",530,111,517,110,13,19,663,63,648,66,15,17,97.54716981132076,97.73755656108597,1193,1165,97.65297569153395
2023,51185,"Tazewell County, Virginia",3277,147,3208,165,69,68,2761,149,2737,155,24,30,97.89441562404639,99.13074972835929,6038,5945,98.45975488572375
2023,51187,"Warren County, Virginia",3205,254,3081,259,124,79,3166,118,2993,151,173,109,96.13104524180967,94.5356917245736,6371,6074,95.33825145189138
2023,51191,"Washington County, Virginia",3656,148,3447,152,209,112,3370,238,3186,248,184,127,94.28336980306345,94.540059347181,7026,6633,94.4064901793339
2023,51193,"Westmoreland County, Virginia",1218,154,1139,158,79,74,1152,183,1152,183,0,21,93.51395730706076,100,2370,2291,96.66666666666667
2023,51195,"Wise County, Virginia",2480,151,2425,155,55,46,2735,107,2642,105,93,58,97.78225806451613,96.59963436928703,5215,5067,97.16203259827421
2023,51197,"Wythe County, Virginia",2084,148,1957,153,127,84,1914,97,1703,159,211,115,93.90595009596929,88.97596656217345,3998,3660,91.54577288644322
2023,51199,"York County, Virginia",6435,249,6270,249,165,84,6413,211,6280,224,133,76,97.43589743589743,97.92608763449245,12848,12550,97.68057285180572
2023,51510,"Alexandria city, Virginia",9255,212,8962,269,293,158,8552,327,8201,374,351,182,96.8341437061048,95.89569691300281,17807,17163,96.3834447127534
2023,51520,"Bristol city, Virginia",1306,171,1235,181,71,66,1407,176,1363,179,44,42,94.5635528330781,96.8727789623312,2713,2598,95.76115001842979
2023,51530,"Buena Vista city, Virginia",748,131,748,131,0,19,609,130,566,121,43,46,100,92.9392446633826,1357,1314,96.83124539425204
2023,51540,"Charlottesville city, Virginia",2472,274,2388,280,84,96,2480,184,2427,196,53,42,96.60194174757282,97.86290322580645,4952,4815,97.23344103392569
2023,51550,"Chesapeake city, Virginia",23185,347,22126,492,1059,329,22113,364,21268,475,845,256,95.43239163252103,96.17871840094062,45298,43394,95.79672391717074
2023,51570,"Colonial Heights city, Virginia",1672,183,1495,213,177,94,1527,106,1356,157,171,125,89.41387559808612,88.8015717092338,3199,2851,89.12160050015629
2023,51580,"Covington city, Virginia",602,110,567,119,35,52,582,68,578,69,4,8,94.18604651162791,99.3127147766323,1184,1145,96.70608108108108
2023,51590,"Danville city, Virginia",3747,194,3539,217,208,137,3164,191,2933,257,231,185,94.44889244729117,92.69911504424779,6911,6472,93.64780784256982
2023,51595,"Emporia city, Virginia",711,152,697,152,14,25,503,109,503,109,0,19,98.0309423347398,100,1214,1200,98.84678747940691
2023,51600,"Fairfax city, Virginia",2014,198,1906,172,108,87,1866,108,1762,147,104,107,94.63753723932473,94.42658092175778,3880,3668,94.5360824742268
2023,51610,"Falls Church city, Virginia",1485,158,1485,158,0,21,1349,105,1349,105,0,21,100,100,2834,2834,100
2023,51620,"Franklin city, Virginia",746,126,668,123,78,63,706,85,700,85,6,12,89.54423592493298,99.15014164305948,1452,1368,94.21487603305785
2023,51630,"Fredericksburg city, Virginia",2078,216,1987,204,91,139,2450,220,2316,268,134,120,95.62078922040423,94.53061224489797,4528,4303,95.03091872791519
2023,51640,"Galax city, Virginia",474,137,474,137,0,19,547,122,541,124,6,12,100,98.90310786106032,1021,1015,99.41234084231147
2023,51650,"Hampton city, Virginia",10727,360,10430,344,297,151,11012,278,10722,295,290,163,97.23128554115783,97.36650926262259,21739,21152,97.29978379870279
2023,51660,"Harrisonburg city, Virginia",4496,273,4136,330,360,187,5091,370,4716,405,375,122,91.99288256227757,92.63406010606954,9587,8852,92.33336810263899
2023,51670,"Hopewell city, Virginia",2369,309,2241,265,128,101,1831,236,1821,236,10,16,94.59687631912199,99.45385035499726,4200,4062,96.71428571428572
2023,51678,"Lexington city, Virginia",592,221,586,221,6,14,547,183,541,182,6,14,98.98648648648648,98.90310786106032,1139,1127,98.94644424934152
2023,51680,"Lynchburg city, Virginia",5920,310,5613,347,307,217,6457,329,6248,301,209,106,94.8141891891892,96.76320272572401,12377,11861,95.83097681182839
2023,51683,"Manassas city, Virginia",4447,230,3462,300,985,288,3761,177,3107,357,654,305,77.85023611423432,82.61100771071523,8208,6569,80.03167641325535
2023,51685,"Manassas Park city, Virginia",1547,174,1298,208,249,117,1719,299,1438,328,281,163,83.9043309631545,83.65328679464805,3266,2736,83.77219840783835
2023,51690,"Martinsville city, Virginia",1371,199,1236,203,135,100,1431,130,1392,135,39,36,90.15317286652079,97.27463312368972,2802,2628,93.79014989293361
2023,51700,"Newport News city, Virginia",16042,421,15067,479,975,278,14809,385,14197,470,612,247,93.92220421393841,95.86737794584374,30851,29264,94.85592039155944
2023,51710,"Norfolk city, Virginia",16775,369,15874,446,901,278,16517,451,15572,488,945,261,94.62891207153503,94.27862202579162,33292,31446,94.4551243541992
2023,51720,"Norton city, Virginia",283,85,259,84,24,30,273,102,273,102,0,13,91.51943462897526,100,556,532,95.68345323741008
2023,51730,"Petersburg city, Virginia",2550,196,2380,241,170,111,2169,194,2072,184,97,70,93.33333333333333,95.52789303826648,4719,4452,94.34202161474889
2023,51735,"Poquoson city, Virginia",1125,105,1094,115,31,33,1037,118,1020,120,17,27,97.24444444444444,98.36065573770492,2162,2114,97.77983348751155
2023,51740,"Portsmouth city, Virginia",7837,213,7510,280,327,184,7572,293,7150,275,422,206,95.82748500701798,94.4268357105124,15409,14660,95.13920436108768
2023,51750,"Radford city, Virginia",952,162,952,162,0,21,1711,268,1668,261,43,39,100,97.48684979544126,2663,2620,98.38527975966954
2023,51760,"Richmond city, Virginia",13960,374,12475,447,1485,411,14034,361,12872,464,1162,388,89.36246418338108,91.7201083083939,27994,25347,90.54440237193684
2023,51770,"Roanoke city, Virginia",7636,300,7099,359,537,245,7866,268,7350,267,516,176,92.9675222629649,93.44012204424104,15502,14449,93.2073280866985
2023,51775,"Salem city, Virginia",1894,181,1812,180,82,63,2160,171,2082,199,78,62,95.67053854276664,96.38888888888889,4054,3894,96.05328071040947
2023,51790,"Staunton city, Virginia",1602,202,1585,206,17,25,1988,176,1951,185,37,41,98.93882646691635,98.13883299798792,3590,3536,98.49582172701949
2023,51800,"Suffolk city, Virginia",8527,233,8253,277,274,182,8334,248,8045,251,289,153,96.78667761229038,96.53227741780658,16861,16298,96.66093351521262
2023,51810,"Virginia Beach city, Virginia",37191,519,35599,604,1592,315,35821,448,34475,485,1346,327,95.71939447715845,96.24242762625276,73012,70074,95.97600394455706
2023,51820,"Waynesboro city, Virginia",1850,158,1709,180,141,152,1563,266,1427,197,136,123,92.37837837837837,91.29878438899553,3413,3136,91.88397304424261
2023,51830,"Williamsburg city, Virginia",1276,218,1169,235,107,111,1457,224,1424,228,33,40,91.61442006269593,97.73507206588882,2733,2593,94.87742407610685
2023,51840,"Winchester city, Virginia",2542,223,2244,214,298,217,2496,220,2332,228,164,76,88.27694728560189,93.42948717948718,5038,4576,90.82969432314411
2024,51001,"Accomack County, Virginia",2642,119,2374,139,268,127,2675,182,2594,197,81,52,89.8561695685087,96.97196261682242,5317,4968,93.43614820387437
2024,51003,"Albemarle County, Virginia",9771,319,9337,339,434,180,9529,292,9189,378,340,204,95.55828472009006,96.43194459019834,19300,18526,95.98963730569949
2024,51005,"Alleghany County, Virginia",1200,100,1118,135,82,71,988,90,845,54,143,85,93.16666666666666,85.52631578947368,2188,1963,89.71663619744058
2024,51007,"Amelia County, Virginia",1077,134,838,195,239,149,919,220,794,240,125,104,77.8087279480037,86.39825897714908,1996,1632,81.76352705410822
2024,51009,"Amherst County, Virginia",2821,211,2811,210,10,33,2210,165,1865,206,345,156,99.64551577454803,84.38914027149322,5031,4676,92.94374875770225
2024,51011,"Appomattox County, Virginia",1386,66,1373,64,13,20,1381,113,1347,116,34,30,99.06204906204906,97.53801593048516,2767,2720,98.30140946873871
2024,51013,"Arlington County, Virginia",15537,379,15086,399,451,259,14750,344,14158,406,592,278,97.0972517216966,95.9864406779661,30287,29244,96.55627827120547
2024,51015,"Augusta County, Virginia",5636,330,5358,332,278,128,5430,167,5196,193,234,102,95.06742370475514,95.69060773480663,11066,10554,95.37321525393097
2024,51017,"Bath County, Virginia",286,141,286,141,0,13,234,90,227,90,7,12,100,97.00854700854701,520,513,98.65384615384616
2024,51019,"Bedford County, Virginia",5872,331,5742,331,130,66,6104,218,5866,235,238,114,97.78610354223434,96.10091743119266,11976,11608,96.92718770875084
2024,51021,"Bland County, Virginia",279,81,279,81,0,19,343,60,343,60,0,19,100,100,622,622,100
2024,51023,"Botetourt County, Virginia",2577,137,2564,141,13,19,2416,118,2380,123,36,37,99.49553744664338,98.50993377483444,4993,4944,99.0186260765071
2024,51025,"Brunswick County, Virginia",867,76,860,76,7,14,818,94,800,97,18,25,99.19261822376009,97.79951100244499,1685,1660,98.51632047477746
2024,51027,"Buchanan County, Virginia",1309,94,1288,98,21,36,1169,96,1085,112,84,45,98.3957219251337,92.81437125748504,2478,2373,95.76271186440678
2024,51029,"Buckingham County, Virginia",1066,100,915,146,151,150,1124,113,991,169,133,124,85.83489681050656,88.16725978647688,2190,1906,87.03196347031964
2024,51031,"Campbell County, Virginia",4167,212,4138,222,29,33,3874,259,3693,285,181,125,99.30405567554595,95.32782653588022,8041,7831,97.38838452928739
2024,51033,"Caroline County, Virginia",2788,144,2631,158,157,91,2443,130,2323,158,120,100,94.3687230989957,95.0880065493246,5231,4954,94.70464538329192
2024,51035,"Carroll County, Virginia",2099,133,1994,152,105,99,1671,125,1488,138,183,123,94.99761791329205,89.04847396768402,3770,3482,92.36074270557029
2024,51036,"Charles City County, Virginia",346,33,321,39,25,26,351,47,348,46,3,5,92.77456647398844,99.14529914529915,697,669,95.98278335724534
2024,51037,"Charlotte County, Virginia",1084,105,1068,96,16,23,787,80,727,66,60,60,98.5239852398524,92.37611181702668,1871,1795,95.93800106894709
2024,51041,"Chesterfield County, Virginia",34853,469,32964,590,1889,443,33442,543,31495,760,1947,483,94.5800935357071,94.17797978589797,68295,64459,94.38319057031993
2024,51043,"Clarke County, Virginia",941,58,893,64,48,49,1489,141,1480,145,9,16,94.8990435706695,99.39556749496306,2430,2373,97.65432098765432
2024,51045,"Craig County, Virginia",514,145,514,145,0,13,270,105,270,105,0,13,100,100,784,784,100
2024,51047,"Culpeper County, Virginia",5184,313,4527,332,657,299,5246,185,4606,316,640,268,87.32638888888889,87.80022874571102,10430,9133,87.56471716203261
2024,51049,"Cumberland County, Virginia",905,181,871,182,34,48,670,164,661,162,9,19,96.24309392265194,98.65671641791045,1575,1532,97.26984126984128
2024,51051,"Dickenson County, Virginia",1102,50,1088,48,14,20,983,79,980,80,3,6,98.72958257713249,99.69481180061037,2085,2068,99.18465227817745
2024,51053,"Dinwiddie County, Virginia",2337,266,2277,284,60,55,2116,130,2101,130,15,15,97.43260590500643,99.29111531190927,4453,4378,98.31574219627217
2024,51057,"Essex County, Virginia",549,108,543,109,6,10,932,101,916,103,16,23,98.90710382513662,98.28326180257511,1481,1459,98.51451721809588
2024,51059,"Fairfax County, Virginia",102309,837,96343,1250,5966,957,95823,965,90894,1226,4929,786,94.16864596467563,94.85614100998716,198132,187237,94.5011406537056
2024,51061,"Fauquier County, Virginia",6501,221,6178,247,323,146,6712,275,6246,297,466,208,95.03153361021381,93.05721096543505,13213,12424,94.02860818890487
2024,51063,"Floyd County, Virginia",1281,108,1263,106,18,23,1104,97,1063,112,41,48,98.59484777517564,96.28623188405797,2385,2326,97.52620545073376
2024,51065,"Fluvanna County, Virginia",1905,213,1749,242,156,109,1853,210,1788,211,65,62,91.81102362204724,96.49217485159201,3758,3537,94.11921234699308
2024,51067,"Franklin County, Virginia",4063,137,3784,182,279,132,3558,183,3467,211,91,68,93.13315284272706,97.44238336143901,7621,7251,95.14499409526309
2024,51069,"Frederick County, Virginia",8646,235,8165,319,481,253,7402,245,7187,265,215,138,94.43673374971084,97.0953796271278,16048,15352,95.6630109670987
2024,51071,"Giles County, Virginia",1262,78,1226,111,36,57,1204,101,1186,95,18,28,97.1473851030111,98.50498338870432,2466,2412,97.8102189781022
2024,51073,"Gloucester County, Virginia",3240,193,3135,218,105,73,2838,214,2815,215,23,25,96.75925925925925,99.18957011980267,6078,5950,97.8940440934518
2024,51075,"Goochland County, Virginia",1684,187,1663,188,21,25,1613,140,1588,141,25,27,98.75296912114014,98.45009299442033,3297,3251,98.60479223536548
2024,51077,"Grayson County, Virginia",878,103,821,143,57,56,893,86,781,109,112,84,93.50797266514806,87.45800671892498,1771,1602,90.45736871823829
2024,51079,"Greene County, Virginia",1751,157,1592,171,159,96,1802,160,1722,148,80,74,90.9194745859509,95.56048834628191,3553,3314,93.27329017731495
2024,51081,"Greensville County, Virginia",918,144,908,141,10,18,485,54,485,54,0,21,98.91067538126362,100,1403,1393,99.2872416250891
2024,51083,"Halifax County, Virginia",2725,209,2487,224,238,142,2474,180,2361,194,113,65,91.26605504587157,95.43249797898142,5199,4848,93.24870167339873
2024,51085,"Hanover County, Virginia",9905,200,9398,275,507,198,9091,229,8506,235,585,234,94.88137304391722,93.5650643493565,18996,17904,94.25142135186356
2024,51087,"Henrico County, Virginia",27346,583,26371,675,975,288,26640,520,25485,538,1155,311,96.43457909749141,95.66441441441441,53986,51856,96.05453265661468
2024,51089,"Henry County, Virginia",3759,235,3738,230,21,26,3962,258,3870,289,92,64,99.4413407821229,97.67794043412418,7721,7608,98.53645900790053
2024,51091,"Highland County, Virginia",110,50,96,48,14,15,126,66,125,66,1,3,87.27272727272727,99.20634920634922,236,221,93.64406779661016
2024,51093,"Isle of Wight County, Virginia",3262,238,3099,245,163,85,3256,199,3213,202,43,43,95.00306560392397,98.67936117936118,6518,6312,96.83952132555999
2024,51095,"James City County, Virginia",5944,278,5655,315,289,187,6008,270,5930,272,78,75,95.13795423956931,98.7017310252996,11952,11585,96.92938420348058
2024,51097,"King and Queen County, Virginia",365,45,360,47,5,6,462,57,441,69,21,27,98.63013698630137,95.45454545454545,827,801,96.85610640870617
2024,51099,"King George County, Virginia",2892,178,2892,178,0,25,2599,170,2438,194,161,107,100,93.80530973451327,5491,5330,97.06792933891823
2024,51101,"King William County, Virginia",1619,120,1607,121,12,24,1556,98,1389,139,167,113,99.25880172946263,89.26735218508998,3175,2996,94.36220472440945
2024,51103,"Lancaster County, Virginia",526,114,526,114,0,21,693,66,690,64,3,5,100,99.56709956709958,1219,1216,99.75389663658737
2024,51105,"Lee County, Virginia",1574,111,1542,114,32,33,1396,68,1366,78,30,30,97.96696315120712,97.85100286532952,2970,2908,97.91245791245792
2024,51107,"Loudoun County, Virginia",44863,564,43018,687,1845,450,43123,607,41752,666,1371,368,95.88747966029914,96.82072212044616,87986,84770,96.3448730479849
2024,51109,"Louisa County, Virginia",3012,175,2921,182,91,50,2758,147,2745,143,13,16,96.97875166002656,99.52864394488759,5770,5666,98.19757365684575
2024,51111,"Lunenburg County, Virginia",1021,147,872,132,149,122,837,100,766,118,71,47,85.40646425073457,91.51732377538829,1858,1638,88.15931108719053
2024,51113,"Madison County, Virginia",1182,124,1104,126,78,52,1055,100,1029,105,26,26,93.4010152284264,97.53554502369668,2237,2133,95.35091640590076
2024,51115,"Mathews County, Virginia",497,140,473,140,24,30,403,84,403,84,0,19,95.17102615694165,100,900,876,97.33333333333334
2024,51117,"Mecklenburg County, Virginia",2154,184,2065,195,89,56,1990,109,1870,114,120,74,95.86815227483751,93.96984924623115,4144,3935,94.9565637065637
2024,51119,"Middlesex County, Virginia",679,112,666,117,13,23,600,118,571,117,29,26,98.08541973490426,95.16666666666667,1279,1237,96.71618451915559
2024,51121,"Montgomery County, Virginia",8441,420,8193,417,248,131,7631,441,7368,463,263,138,97.06195948347353,96.55353164722841,16072,15561,96.8205574912892
2024,51125,"Nelson County, Virginia",995,132,774,139,221,125,773,111,717,109,56,60,77.78894472361809,92.75549805950841,1768,1491,84.33257918552036
2024,51127,"New Kent County, Virginia",2127,184,2001,235,126,137,1486,175,1391,187,95,73,94.07616361071932,93.60699865410498,3613,3392,93.88319955715471
2024,51131,"Northampton County, Virginia",1056,192,1011,197,45,50,585,149,534,146,51,54,95.73863636363636,91.28205128205128,1641,1545,94.14990859232175
2024,51133,"Northumberland County, Virginia",496,137,496,137,0,21,709,153,697,156,12,20,100,98.30747531734838,1205,1193,99.00414937759336
2024,51135,"Nottoway County, Virginia",1210,146,1069,188,141,89,1233,126,1185,127,48,50,88.34710743801652,96.10705596107056,2443,2254,92.26361031518626
2024,51137,"Orange County, Virginia",3401,248,3274,261,127,127,2637,209,2629,212,8,12,96.26580417524258,99.69662495259765,6038,5903,97.7641603179861
2024,51139,"Page County, Virginia",1824,92,1703,101,121,57,1729,135,1662,139,67,39,93.36622807017544,96.12492770387507,3553,3365,94.70869687587954
2024,51141,"Patrick County, Virginia",1190,127,1142,142,48,73,1142,87,1129,91,13,19,95.96638655462185,98.861646234676,2332,2271,97.38421955403086
2024,51143,"Pittsylvania County, Virginia",4162,149,4068,155,94,51,4363,134,4070,172,293,148,97.74147044690052,93.28443731377493,8525,8138,95.46041055718474
2024,51145,"Powhatan County, Virginia",2329,145,2301,150,28,30,2179,169,2043,166,136,92,98.79776728209532,93.7586048646168,4508,4344,96.3620230700976
2024,51147,"Prince Edward County, Virginia",1569,204,1469,212,100,69,1646,241,1559,250,87,94,93.62651370299554,94.71445929526125,3215,3028,94.18351477449455
2024,51149,"Prince George County, Virginia",3443,256,3273,288,170,138,3049,126,2965,145,84,57,95.06244554167877,97.24499836011807,6492,6238,96.08749229821318
2024,51153,"Prince William County, Virginia",49931,568,46559,897,3372,700,46719,610,43710,895,3009,639,93.24668041897819,93.55936556861234,96650,90269,93.39782721158821
2024,51155,"Pulaski County, Virginia",2169,92,2137,96,32,30,2315,120,2291,125,24,25,98.52466574458276,98.96328293736502,4484,4428,98.75111507582515
2024,51157,"Rappahannock County, Virginia",601,149,474,115,127,107,434,86,396,86,38,39,78.86855241264558,91.24423963133641,1035,870,84.05797101449275
2024,51159,"Richmond County, Virginia",711,107,687,118,24,34,542,63,507,64,35,38,96.62447257383965,93.54243542435424,1253,1194,95.29130087789306
2024,51161,"Roanoke County, Virginia",7401,336,7064,361,337,156,7440,259,7378,267,62,53,95.4465612755033,99.16666666666667,14841,14442,97.31150192035577
2024,51163,"Rockbridge County, Virginia",1725,131,1715,134,10,19,1366,149,1325,156,41,43,99.42028985507247,96.99853587115666,3091,3040,98.35004852798447
2024,51165,"Rockingham County, Virginia",7487,230,6582,315,905,237,6728,244,6005,314,723,204,87.9123814611994,89.25386444708681,14215,12587,88.5473091804432
2024,51167,"Russell County, Virginia",1870,84,1856,92,14,21,1672,96,1637,129,35,51,99.25133689839572,97.9066985645933,3542,3493,98.61660079051383
2024,51169,"Scott County, Virginia",1578,86,1549,86,29,34,1416,53,1301,128,115,118,98.16223067173637,91.87853107344633,2994,2850,95.19038076152304
2024,51171,"Shenandoah County, Virginia",3544,207,3453,234,91,65,3398,204,3203,222,195,135,97.43227990970654,94.2613301942319,6942,6656,95.88014981273409
2024,51173,"Smyth County, Virginia",2162,75,2100,87,62,42,2188,131,2150,137,38,36,97.1322849213691,98.26325411334552,4350,4250,97.70114942528735
2024,51175,"Southampton County, Virginia",1257,136,1205,133,52,34,1343,107,1290,127,53,49,95.86316626889419,96.0536113179449,2600,2495,95.96153846153847
2024,51177,"Spotsylvania County, Virginia",14193,259,13737,330,456,184,13159,331,12739,364,420,208,96.78714859437751,96.80826810547914,27352,26476,96.79730915472359
2024,51179,"Stafford County, Virginia",17239,289,16522,381,717,287,16226,324,15627,409,599,218,95.84082603399268,96.30839393565881,33465,32149,96.06753324368744
2024,51181,"Surry County, Virginia",413,90,413,90,0,19,421,83,421,83,0,19,100,100,834,834,100
2024,51183,"Sussex County, Virginia",486,111,445,118,41,37,675,70,592,85,83,65,91.56378600823045,87.70370370370371,1161,1037,89.31955211024979
2024,51185,"Tazewell County, Virginia",3479,151,3385,165,94,75,2840,147,2770,163,70,63,97.29807415924117,97.53521126760563,6319,6155,97.40465263491058
2024,51187,"Warren County, Virginia",3034,219,2916,236,118,96,3155,135,2968,148,187,122,96.11074489123268,94.0729001584786,6189,5884,95.07190176118921
2024,51191,"Washington County, Virginia",3705,216,3486,256,219,122,3268,227,3145,222,123,96,94.08906882591093,96.23623011015911,6973,6631,95.09536784741145
2024,51193,"Westmoreland County, Virginia",1211,160,1117,169,94,65,1146,197,1103,194,43,41,92.23781998348473,96.2478184991274,2357,2220,94.1875265167586
2024,51195,"Wise County, Virginia",2471,153,2427,165,44,41,2630,93,2572,101,58,45,98.21934439498179,97.79467680608364,5101,4999,98.00039207998432
2024,51197,"Wythe County, Virginia",2028,138,1941,150,87,74,1956,145,1769,186,187,112,95.71005917159763,90.439672801636,3984,3710,93.12248995983936
2024,51199,"York County, Virginia",6266,228,6104,213,162,89,6361,207,6160,285,201,131,97.4146185764443,96.84011947806948,12627,12264,97.12520788785935
2024,51510,"Alexandria city, Virginia",9113,218,8817,275,296,135,8312,319,7823,370,489,217,96.75189290025239,94.11693936477383,17425,16640,95.49497847919656
2024,51520,"Bristol city, Virginia",1409,235,1322,238,87,71,1176,162,1141,165,35,38,93.82540809084458,97.02380952380952,2585,2463,95.28046421663443
2024,51530,"Buena Vista city, Virginia",803,93,803,93,0,19,572,118,533,118,39,44,100,93.18181818181817,1375,1336,97.16363636363636
2024,51540,"Charlottesville city, Virginia",2759,297,2693,302,66,85,2461,280,2444,281,17,20,97.60782892352302,99.30922389272654,5220,5137,98.40996168582376
2024,51550,"Chesapeake city, Virginia",23326,368,22371,460,955,288,22134,380,21418,440,716,205,95.90585612621109,96.76515767597361,45460,43789,96.32424109106907
2024,51570,"Colonial Heights city, Virginia",2004,245,1813,261,191,109,1302,169,1161,154,141,103,90.46906187624751,89.17050691244239,3306,2974,89.95765275257108
2024,51580,"Covington city, Virginia",586,117,575,118,11,20,593,81,589,80,4,10,98.12286689419795,99.32546374367622,1179,1164,98.72773536895674
2024,51590,"Danville city, Virginia",3811,152,3650,180,161,105,3214,195,2936,241,278,166,95.77538703752296,91.35034225264468,7025,6586,93.7508896797153
2024,51595,"Emporia city, Virginia",598,157,558,171,40,65,503,94,490,96,13,21,93.31103678929766,97.4155069582505,1101,1048,95.18619436875568
2024,51600,"Fairfax city, Virginia",2011,268,1925,255,86,61,1985,122,1850,129,135,75,95.72352063649925,93.19899244332494,3996,3775,94.46946946946947
2024,51610,"Falls Church city, Virginia",1405,132,1405,132,0,21,1319,109,1308,109,11,16,100,99.16603487490522,2724,2713,99.59618208516888
2024,51620,"Franklin city, Virginia",758,131,701,129,57,63,741,88,737,86,4,8,92.4802110817942,99.46018893387314,1499,1438,95.93062041360906
2024,51630,"Fredericksburg city, Virginia",2169,270,2068,283,101,150,2499,241,2449,244,50,55,95.34347625633933,97.99919967987195,4668,4517,96.76520994001714
2024,51640,"Galax city, Virginia",446,148,446,148,0,19,666,163,638,156,28,37,100,95.7957957957958,1112,1084,97.48201438848922
2024,51650,"Hampton city, Virginia",10673,421,10361,429,312,138,11167,301,10756,345,411,187,97.07673568818514,96.31951285036267,21840,21117,96.68956043956044
2024,51660,"Harrisonburg city, Virginia",4397,321,4060,342,337,188,4832,268,4429,289,403,150,92.33568342051399,91.65976821192054,9229,8489,91.98179651099794
2024,51670,"Hopewell city, Virginia",2025,207,1874,241,151,124,2027,185,2016,185,11,17,92.54320987654322,99.4573260976813,4052,3890,96.00197433366239
2024,51678,"Lexington city, Virginia",392,194,386,191,6,15,601,173,594,173,7,16,98.46938775510205,98.83527454242929,993,980,98.69083585095669
2024,51680,"Lynchburg city, Virginia",6095,353,5856,359,239,117,6507,374,6380,359,127,91,96.07875307629205,98.04825572460427,12602,12236,97.09569909538168
2024,51683,"Manassas city, Virginia",4469,237,3700,293,769,268,3705,164,3168,269,537,224,82.7925710449765,85.50607287449394,8174,6868,84.02251039882555
2024,51685,"Manassas Park city, Virginia",1425,170,1176,209,249,117,1511,125,1170,174,341,132,82.52631578947368,77.43216412971542,2936,2346,79.90463215258855
2024,51690,"Martinsville city, Virginia",1346,166,1270,173,76,82,1362,114,1324,114,38,36,94.35364041604754,97.20998531571219,2708,2594,95.79025110782867
2024,51700,"Newport News city, Virginia",16060,320,15126,404,934,294,14873,423,14289,434,584,236,94.18430884184309,96.07342163652255,30933,29415,95.09261953253807
2024,51710,"Norfolk city, Virginia",16661,391,15715,404,946,298,16296,454,15260,524,1036,258,94.32206950363124,93.6426116838488,32957,30975,93.98610310404466
2024,51720,"Norton city, Virginia",328,91,302,90,26,32,208,70,208,70,0,13,92.07317073170732,100,536,510,95.1492537313433
2024,51730,"Petersburg city, Virginia",2640,256,2558,247,82,87,2388,290,2249,277,139,106,96.8939393939394,94.17922948073702,5028,4807,95.60461416070008
2024,51735,"Poquoson city, Virginia",1236,136,1223,138,13,20,1081,89,1067,90,14,21,98.94822006472492,98.70490286771508,2317,2290,98.83470004315926
2024,51740,"Portsmouth city, Virginia",7833,203,7531,264,302,174,7692,266,6985,343,707,310,96.14451678794842,90.80863234529382,15525,14516,93.50080515297905
2024,51750,"Radford city, Virginia",1073,172,1055,180,18,34,1770,264,1735,261,35,33,98.3224603914259,98.0225988700565,2843,2790,98.13577207175518
2024,51760,"Richmond city, Virginia",13981,399,12696,559,1285,465,14086,475,13163,505,923,336,90.80895501037122,93.44739457617493,28067,25859,92.13311005807532
2024,51770,"Roanoke city, Virginia",7874,308,7278,367,596,271,7887,288,7281,299,606,233,92.43078486156972,92.31647014073793,15761,14559,92.37358035657635
2024,51775,"Salem city, Virginia",2021,171,1991,172,30,32,2142,262,2097,269,45,40,98.51558634339436,97.89915966386555,4163,4088,98.19841460485227
2024,51790,"Staunton city, Virginia",1629,182,1583,182,46,45,2014,148,1980,156,34,38,97.17618170656844,98.31181727904668,3643,3563,97.8040076859731
2024,51800,"Suffolk city, Virginia",8762,246,8299,302,463,207,8327,233,7976,241,351,148,94.71581830632275,95.78479644529843,17089,16275,95.2367019720288
2024,51810,"Virginia Beach city, Virginia",37481,489,35768,603,1713,382,35675,450,34211,552,1464,329,95.42968437341587,95.89628591450595,73156,69979,95.65722565476516
2024,51820,"Waynesboro city, Virginia",1935,199,1647,228,288,184,1500,256,1303,175,197,156,85.11627906976744,86.86666666666667,3435,2950,85.8806404657933
2024,51830,"Williamsburg city, Virginia",1251,204,1131,217,120,121,1496,237,1443,237,53,57,90.40767386091127,96.4572192513369,2747,2574,93.70222060429559
2024,51840,"Winchester city, Virginia",2651,240,2296,295,355,265,2417,230,2310,250,107,89,86.60882685778951,95.57302441042614,5068,4606,90.88397790055248
